,uniform_id,trialid,sentnum,ianum,ia,firstfix_dur,firstrun_dur,dur,firstrun_nfix,nfix
554745,en_57,1.0,7.0,123.0,planting,0.0,0.0,0.0,0.0,0.0
554746,en_57,1.0,7.0,124.0,"times,",0.0,0.0,0.0,0.0,0.0
554747,en_57,1.0,7.0,125.0,as,0.0,0.0,0.0,0.0,0.0
554748,en_57,1.0,7.0,126.0,well,408.0,408.0,408.0,1.0,1.0
554749,en_57,1.0,7.0,127.0,as,0.0,0.0,0.0,0.0,0.0
554750,en_57,1.0,7.0,128.0,at,0.0,0.0,0.0,0.0,0.0
554751,en_57,1.0,7.0,129.0,"marriages,",501.0,501.0,501.0,1.0,1.0
554752,en_57,1.0,7.0,130.0,"deaths,",334.0,334.0,334.0,1.0,1.0
554753,en_57,1.0,7.0,131.0,and,0.0,0.0,0.0,0.0,0.0
554754,en_57,1.0,7.0,132.0,other,291.0,291.0,291.0,1.0,1.0
554755,en_57,1.0,7.0,133.0,beginnings.,171.0,662.0,662.0,3.0,3.0
554756,en_57,1.0,8.0,134.0,Janus,0.0,0.0,0.0,0.0,0.0
554757,en_57,1.0,8.0,135.0,had,355.0,355.0,355.0,1.0,1.0
554758,en_57,1.0,8.0,136.0,no,191.0,191.0,191.0,1.0,1.0
554759,en_57,1.0,8.0,137.0,specialized,145.0,354.0,555.0,2.0,3.0
554760,en_57,1.0,8.0,138.0,priest,224.0,362.0,810.0,2.0,4.0
554761,en_57,1.0,8.0,139.0,assigned,308.0,308.0,308.0,1.0,1.0
554762,en_57,1.0,8.0,140.0,to,0.0,0.0,0.0,0.0,0.0
554763,en_57,1.0,8.0,141.0,"him,",225.0,225.0,225.0,1.0,1.0
554764,en_57,1.0,8.0,142.0,but,0.0,0.0,0.0,0.0,0.0
554765,en_57,1.0,8.0,143.0,the,207.0,207.0,207.0,1.0,1.0
554766,en_57,1.0,8.0,144.0,high,176.0,176.0,176.0,1.0,1.0
554767,en_57,1.0,8.0,145.0,priest,145.0,145.0,336.0,1.0,2.0
554768,en_57,1.0,8.0,146.0,himself,232.0,232.0,232.0,1.0,1.0
554769,en_57,1.0,8.0,147.0,carried,214.0,214.0,214.0,1.0,1.0
554770,en_57,1.0,8.0,148.0,out,0.0,0.0,0.0,0.0,0.0
554771,en_57,1.0,8.0,149.0,his,164.0,164.0,381.0,1.0,2.0
554772,en_57,1.0,8.0,150.0,ceremonies.,41.0,128.0,618.0,2.0,4.0
554773,en_57,1.0,9.0,151.0,Janus,0.0,0.0,0.0,0.0,0.0
554774,en_57,1.0,9.0,152.0,represented,155.0,367.0,367.0,2.0,2.0
554775,en_57,1.0,9.0,153.0,the,0.0,0.0,0.0,0.0,0.0
554776,en_57,1.0,9.0,154.0,middle,292.0,292.0,292.0,1.0,1.0
554777,en_57,1.0,9.0,155.0,ground,188.0,188.0,188.0,1.0,1.0
554778,en_57,1.0,9.0,156.0,between,202.0,202.0,202.0,1.0,1.0
554779,en_57,1.0,9.0,157.0,barbarism,164.0,164.0,635.0,1.0,3.0
554780,en_57,1.0,9.0,158.0,and,0.0,0.0,0.0,0.0,0.0
554781,en_57,1.0,9.0,159.0,"civilization,",499.0,499.0,499.0,1.0,1.0
554782,en_57,1.0,9.0,160.0,rural,0.0,0.0,0.0,0.0,0.0
554783,en_57,1.0,9.0,161.0,and,0.0,0.0,0.0,0.0,0.0
554784,en_57,1.0,9.0,162.0,urban,0.0,0.0,0.0,0.0,0.0
554785,en_57,1.0,9.0,163.0,"space,",0.0,0.0,0.0,0.0,0.0
554786,en_57,1.0,9.0,164.0,youth,0.0,0.0,0.0,0.0,0.0
554787,en_57,1.0,9.0,165.0,and,0.0,0.0,0.0,0.0,0.0
554788,en_57,1.0,9.0,166.0,adulthood.,151.0,151.0,605.0,1.0,3.0
554789,en_57,1.0,10.0,167.0,The,0.0,0.0,0.0,0.0,0.0
554790,en_57,1.0,10.0,168.0,ancient,183.0,359.0,359.0,2.0,2.0
554791,en_57,1.0,10.0,169.0,Greeks,252.0,252.0,683.0,1.0,2.0
554792,en_57,1.0,10.0,170.0,had,0.0,0.0,0.0,0.0,0.0
554793,en_57,1.0,10.0,171.0,no,196.0,196.0,196.0,1.0,1.0
554794,en_57,1.0,10.0,172.0,equivalent,185.0,185.0,351.0,1.0,2.0
554795,en_57,1.0,10.0,173.0,to,0.0,0.0,0.0,0.0,0.0
554796,en_57,1.0,10.0,174.0,"Janus,",231.0,386.0,583.0,2.0,3.0
554797,en_57,1.0,10.0,175.0,whom,209.0,209.0,209.0,1.0,1.0
554798,en_57,1.0,10.0,176.0,the,152.0,152.0,563.0,1.0,3.0
554799,en_57,1.0,10.0,177.0,Romans,333.0,333.0,537.0,1.0,2.0
554800,en_57,1.0,10.0,178.0,claimed,210.0,210.0,515.0,1.0,2.0
554801,en_57,1.0,10.0,179.0,as,0.0,0.0,0.0,0.0,0.0
554802,en_57,1.0,10.0,180.0,distinctively,93.0,369.0,833.0,3.0,4.0
554803,en_57,1.0,10.0,181.0,their,397.0,397.0,397.0,1.0,1.0
554804,en_57,1.0,10.0,182.0,own.,0.0,0.0,0.0,0.0,0.0
554805,en_57,1.0,1.0,1.0,In,63.0,63.0,63.0,1.0,1.0
554806,en_57,1.0,1.0,2.0,ancient,229.0,229.0,620.0,1.0,3.0
554807,en_57,1.0,1.0,3.0,Roman,183.0,183.0,853.0,1.0,5.0
554808,en_57,1.0,1.0,4.0,religion,220.0,220.0,1154.0,1.0,5.0
554809,en_57,1.0,1.0,5.0,and,259.0,259.0,392.0,1.0,2.0
554810,en_57,1.0,1.0,6.0,"myth,",148.0,148.0,698.0,1.0,4.0
554811,en_57,1.0,1.0,7.0,Janus,266.0,266.0,827.0,1.0,3.0
554812,en_57,1.0,1.0,8.0,is,286.0,286.0,808.0,1.0,3.0
554813,en_57,1.0,1.0,9.0,the,0.0,0.0,0.0,0.0,0.0
554814,en_57,1.0,1.0,10.0,god,240.0,240.0,240.0,1.0,1.0
554815,en_57,1.0,1.0,11.0,of,151.0,151.0,151.0,1.0,1.0
554816,en_57,1.0,1.0,12.0,beginnings,224.0,224.0,224.0,1.0,1.0
554817,en_57,1.0,1.0,13.0,and,0.0,0.0,0.0,0.0,0.0
554818,en_57,1.0,1.0,14.0,gates.,183.0,183.0,183.0,1.0,1.0
554819,en_57,1.0,2.0,15.0,He,0.0,0.0,0.0,0.0,0.0
554820,en_57,1.0,2.0,16.0,has,0.0,0.0,0.0,0.0,0.0
554821,en_57,1.0,2.0,17.0,a,221.0,221.0,221.0,1.0,1.0
554822,en_57,1.0,2.0,18.0,double,0.0,0.0,0.0,0.0,0.0
554823,en_57,1.0,2.0,19.0,nature,163.0,317.0,317.0,2.0,2.0
554824,en_57,1.0,2.0,20.0,and,230.0,230.0,230.0,1.0,1.0
554825,en_57,1.0,2.0,21.0,is,0.0,0.0,0.0,0.0,0.0
554826,en_57,1.0,2.0,22.0,usually,277.0,277.0,277.0,1.0,1.0
554827,en_57,1.0,2.0,23.0,depicted,141.0,478.0,478.0,2.0,2.0
554828,en_57,1.0,2.0,24.0,as,0.0,0.0,0.0,0.0,0.0
554829,en_57,1.0,2.0,25.0,having,236.0,236.0,236.0,1.0,1.0
554830,en_57,1.0,2.0,26.0,two,0.0,0.0,0.0,0.0,0.0
554831,en_57,1.0,2.0,27.0,"faces,",329.0,583.0,583.0,2.0,2.0
554832,en_57,1.0,2.0,28.0,since,130.0,320.0,320.0,2.0,2.0
554833,en_57,1.0,2.0,29.0,he,0.0,0.0,0.0,0.0,0.0
554834,en_57,1.0,2.0,30.0,looks,170.0,170.0,170.0,1.0,1.0
554835,en_57,1.0,2.0,31.0,to,0.0,0.0,0.0,0.0,0.0
554836,en_57,1.0,2.0,32.0,the,285.0,285.0,285.0,1.0,1.0
554837,en_57,1.0,2.0,33.0,future,259.0,430.0,430.0,2.0,2.0
554838,en_57,1.0,2.0,34.0,and,254.0,254.0,254.0,1.0,1.0
554839,en_57,1.0,2.0,35.0,to,164.0,164.0,518.0,1.0,2.0
554840,en_57,1.0,2.0,36.0,the,0.0,0.0,0.0,0.0,0.0
554841,en_57,1.0,2.0,37.0,past.,245.0,530.0,747.0,2.0,3.0
554842,en_57,1.0,3.0,38.0,Janus,505.0,505.0,811.0,1.0,3.0
554843,en_57,1.0,3.0,39.0,presided,364.0,521.0,825.0,2.0,3.0
554844,en_57,1.0,3.0,40.0,over,0.0,0.0,0.0,0.0,0.0
554845,en_57,1.0,3.0,41.0,the,268.0,868.0,868.0,2.0,2.0
554846,en_57,1.0,3.0,42.0,beginning,212.0,212.0,450.0,1.0,2.0
554847,en_57,1.0,3.0,43.0,and,126.0,126.0,400.0,1.0,3.0
554848,en_57,1.0,3.0,44.0,ending,275.0,275.0,275.0,1.0,1.0
554849,en_57,1.0,3.0,45.0,of,0.0,0.0,0.0,0.0,0.0
554850,en_57,1.0,3.0,46.0,"conflict,",278.0,405.0,405.0,2.0,2.0
554851,en_57,1.0,3.0,47.0,and,121.0,121.0,121.0,1.0,1.0
554852,en_57,1.0,3.0,48.0,hence,171.0,449.0,449.0,3.0,3.0
554853,en_57,1.0,3.0,49.0,war,175.0,175.0,175.0,1.0,1.0
554854,en_57,1.0,3.0,50.0,and,0.0,0.0,0.0,0.0,0.0
554855,en_57,1.0,3.0,51.0,peace.,0.0,0.0,0.0,0.0,0.0
554856,en_57,1.0,4.0,52.0,The,284.0,284.0,991.0,1.0,3.0
554857,en_57,1.0,4.0,53.0,doors,139.0,139.0,500.0,1.0,2.0
554858,en_57,1.0,4.0,54.0,of,284.0,284.0,284.0,1.0,1.0
554859,en_57,1.0,4.0,55.0,his,242.0,242.0,431.0,1.0,2.0
554860,en_57,1.0,4.0,56.0,temple,227.0,227.0,227.0,1.0,1.0
554861,en_57,1.0,4.0,57.0,were,232.0,232.0,232.0,1.0,1.0
554862,en_57,1.0,4.0,58.0,open,167.0,167.0,167.0,1.0,1.0
554863,en_57,1.0,4.0,59.0,in,260.0,260.0,260.0,1.0,1.0
554864,en_57,1.0,4.0,60.0,times,0.0,0.0,0.0,0.0,0.0
554865,en_57,1.0,4.0,61.0,of,210.0,434.0,434.0,2.0,2.0
554866,en_57,1.0,4.0,62.0,war,247.0,247.0,247.0,1.0,1.0
554867,en_57,1.0,4.0,63.0,and,134.0,134.0,134.0,1.0,1.0
554868,en_57,1.0,4.0,64.0,closed,0.0,0.0,0.0,0.0,0.0
554869,en_57,1.0,4.0,65.0,during,304.0,546.0,546.0,2.0,2.0
554870,en_57,1.0,4.0,66.0,peacetime.,142.0,486.0,920.0,2.0,4.0
554871,en_57,1.0,5.0,67.0,As,721.0,721.0,1120.0,1.0,2.0
554872,en_57,1.0,5.0,68.0,the,247.0,247.0,943.0,1.0,4.0
554873,en_57,1.0,5.0,69.0,god,265.0,610.0,998.0,2.0,3.0
554874,en_57,1.0,5.0,70.0,of,265.0,265.0,265.0,1.0,1.0
554875,en_57,1.0,5.0,71.0,"gates,",229.0,229.0,229.0,1.0,1.0
554876,en_57,1.0,5.0,72.0,he,204.0,204.0,691.0,1.0,4.0
554877,en_57,1.0,5.0,73.0,was,0.0,0.0,0.0,0.0,0.0
554878,en_57,1.0,5.0,74.0,also,378.0,378.0,529.0,1.0,2.0
554879,en_57,1.0,5.0,75.0,associated,821.0,1025.0,1168.0,2.0,3.0
554880,en_57,1.0,5.0,76.0,with,155.0,155.0,155.0,1.0,1.0
554881,en_57,1.0,5.0,77.0,entering,357.0,357.0,357.0,1.0,1.0
554882,en_57,1.0,5.0,78.0,and,0.0,0.0,0.0,0.0,0.0
554883,en_57,1.0,5.0,79.0,exiting,211.0,427.0,639.0,2.0,3.0
554884,en_57,1.0,5.0,80.0,the,289.0,1119.0,1710.0,4.0,6.0
554885,en_57,1.0,5.0,81.0,doors,0.0,0.0,0.0,0.0,0.0
554886,en_57,1.0,5.0,82.0,of,227.0,227.0,439.0,1.0,2.0
554887,en_57,1.0,5.0,83.0,homes.,124.0,427.0,558.0,2.0,3.0
554888,en_57,1.0,6.0,84.0,Janus,113.0,113.0,989.0,1.0,5.0
554889,en_57,1.0,6.0,85.0,frequently,206.0,206.0,206.0,1.0,1.0
554890,en_57,1.0,6.0,86.0,symbolized,182.0,329.0,329.0,2.0,2.0
554891,en_57,1.0,6.0,87.0,change,289.0,289.0,289.0,1.0,1.0
554892,en_57,1.0,6.0,88.0,and,0.0,0.0,0.0,0.0,0.0
554893,en_57,1.0,6.0,89.0,"transitions,",282.0,282.0,644.0,1.0,3.0
554894,en_57,1.0,6.0,90.0,such,292.0,292.0,292.0,1.0,1.0
554895,en_57,1.0,6.0,91.0,as,0.0,0.0,0.0,0.0,0.0
554896,en_57,1.0,6.0,92.0,the,142.0,142.0,142.0,1.0,1.0
554897,en_57,1.0,6.0,93.0,progress,202.0,202.0,458.0,1.0,2.0
554898,en_57,1.0,6.0,94.0,from,201.0,361.0,361.0,2.0,2.0
554899,en_57,1.0,6.0,95.0,one,135.0,135.0,135.0,1.0,1.0
554900,en_57,1.0,6.0,96.0,condition,0.0,0.0,0.0,0.0,0.0
554901,en_57,1.0,6.0,97.0,to,0.0,0.0,0.0,0.0,0.0
554902,en_57,1.0,6.0,98.0,"another,",185.0,185.0,185.0,1.0,1.0
554903,en_57,1.0,6.0,99.0,from,147.0,147.0,147.0,1.0,1.0
554904,en_57,1.0,6.0,100.0,one,155.0,382.0,548.0,2.0,3.0
554905,en_57,1.0,6.0,101.0,vision,242.0,242.0,242.0,1.0,1.0
554906,en_57,1.0,6.0,102.0,to,124.0,124.0,124.0,1.0,1.0
554907,en_57,1.0,6.0,103.0,"another,",231.0,231.0,231.0,1.0,1.0
554908,en_57,1.0,6.0,104.0,and,175.0,175.0,449.0,1.0,2.0
554909,en_57,1.0,6.0,105.0,the,190.0,190.0,346.0,1.0,2.0
554910,en_57,1.0,6.0,106.0,growth,213.0,213.0,504.0,1.0,2.0
554911,en_57,1.0,6.0,107.0,of,0.0,0.0,0.0,0.0,0.0
554912,en_57,1.0,6.0,108.0,young,0.0,0.0,0.0,0.0,0.0
554913,en_57,1.0,6.0,109.0,people,228.0,228.0,228.0,1.0,1.0
554914,en_57,1.0,6.0,110.0,into,187.0,187.0,356.0,1.0,2.0
554915,en_57,1.0,6.0,111.0,adulthood.,191.0,191.0,587.0,1.0,2.0
554916,en_57,1.0,7.0,112.0,"Hence,",282.0,282.0,282.0,1.0,1.0
554917,en_57,1.0,7.0,113.0,Janus,251.0,251.0,251.0,1.0,1.0
554918,en_57,1.0,7.0,114.0,was,0.0,0.0,0.0,0.0,0.0
554919,en_57,1.0,7.0,115.0,worshipped,294.0,556.0,556.0,2.0,2.0
554920,en_57,1.0,7.0,116.0,at,0.0,0.0,0.0,0.0,0.0
554921,en_57,1.0,7.0,117.0,the,0.0,0.0,0.0,0.0,0.0
554922,en_57,1.0,7.0,118.0,beginning,0.0,0.0,0.0,0.0,0.0
554923,en_57,1.0,7.0,119.0,of,0.0,0.0,0.0,0.0,0.0
554924,en_57,1.0,7.0,120.0,the,0.0,0.0,0.0,0.0,0.0
554925,en_57,1.0,7.0,121.0,harvest,165.0,246.0,246.0,2.0,2.0
554926,en_57,1.0,7.0,122.0,and,0.0,0.0,0.0,0.0,0.0
554927,en_57,3.0,1.0,1.0,In,139.0,139.0,139.0,1.0,1.0
554928,en_57,3.0,1.0,2.0,competitive,100.0,994.0,1566.0,5.0,9.0
554929,en_57,3.0,1.0,3.0,"sports,",317.0,482.0,647.0,2.0,3.0
554930,en_57,3.0,1.0,4.0,doping,240.0,478.0,478.0,2.0,2.0
554931,en_57,3.0,1.0,5.0,is,324.0,324.0,928.0,1.0,3.0
554932,en_57,3.0,1.0,6.0,the,0.0,0.0,0.0,0.0,0.0
554933,en_57,3.0,1.0,7.0,use,275.0,275.0,275.0,1.0,1.0
554934,en_57,3.0,1.0,8.0,of,187.0,187.0,339.0,1.0,2.0
554935,en_57,3.0,1.0,9.0,banned,357.0,357.0,357.0,1.0,1.0
554936,en_57,3.0,1.0,10.0,performance-,178.0,178.0,178.0,1.0,1.0
554937,en_57,3.0,1.0,11.0,enhancing,0.0,0.0,0.0,0.0,0.0
554938,en_57,3.0,1.0,12.0,drugs,0.0,0.0,0.0,0.0,0.0
554939,en_57,3.0,1.0,13.0,by,0.0,0.0,0.0,0.0,0.0
554940,en_57,3.0,1.0,14.0,athletic,0.0,0.0,0.0,0.0,0.0
554941,en_57,3.0,1.0,15.0,competitors.,240.0,240.0,441.0,1.0,2.0
554942,en_57,3.0,2.0,16.0,The,185.0,185.0,185.0,1.0,1.0
554943,en_57,3.0,2.0,17.0,term,287.0,287.0,467.0,1.0,2.0
554944,en_57,3.0,2.0,18.0,doping,234.0,234.0,234.0,1.0,1.0
554945,en_57,3.0,2.0,19.0,is,189.0,189.0,189.0,1.0,1.0
554946,en_57,3.0,2.0,20.0,widely,60.0,60.0,392.0,1.0,3.0
554947,en_57,3.0,2.0,21.0,used,183.0,183.0,363.0,1.0,2.0
554948,en_57,3.0,2.0,22.0,by,370.0,370.0,494.0,1.0,2.0
554949,en_57,3.0,2.0,23.0,organizations,236.0,236.0,546.0,1.0,2.0
554950,en_57,3.0,2.0,24.0,which,258.0,258.0,477.0,1.0,2.0
554951,en_57,3.0,2.0,25.0,regulate,158.0,158.0,662.0,1.0,3.0
554952,en_57,3.0,2.0,26.0,sporting,220.0,220.0,873.0,1.0,4.0
554953,en_57,3.0,2.0,27.0,competitions.,309.0,883.0,883.0,4.0,4.0
554954,en_57,3.0,3.0,28.0,The,0.0,0.0,0.0,0.0,0.0
554955,en_57,3.0,3.0,29.0,use,0.0,0.0,0.0,0.0,0.0
554956,en_57,3.0,3.0,30.0,of,236.0,236.0,466.0,1.0,2.0
554957,en_57,3.0,3.0,31.0,drugs,0.0,0.0,0.0,0.0,0.0
554958,en_57,3.0,3.0,32.0,to,0.0,0.0,0.0,0.0,0.0
554959,en_57,3.0,3.0,33.0,enhance,0.0,0.0,0.0,0.0,0.0
554960,en_57,3.0,3.0,34.0,performance,138.0,138.0,482.0,1.0,3.0
554961,en_57,3.0,3.0,35.0,is,143.0,143.0,312.0,1.0,2.0
554962,en_57,3.0,3.0,36.0,largely,0.0,0.0,0.0,0.0,0.0
554963,en_57,3.0,3.0,37.0,considered,217.0,217.0,217.0,1.0,1.0
554964,en_57,3.0,3.0,38.0,"unethical,",281.0,715.0,715.0,3.0,3.0
554965,en_57,3.0,3.0,39.0,and,190.0,190.0,190.0,1.0,1.0
554966,en_57,3.0,3.0,40.0,is,183.0,183.0,183.0,1.0,1.0
554967,en_57,3.0,3.0,41.0,therefore,0.0,0.0,0.0,0.0,0.0
554968,en_57,3.0,3.0,42.0,prohibited,325.0,325.0,511.0,1.0,2.0
554969,en_57,3.0,3.0,43.0,by,0.0,0.0,0.0,0.0,0.0
554970,en_57,3.0,3.0,44.0,most,268.0,268.0,619.0,1.0,3.0
554971,en_57,3.0,3.0,45.0,international,186.0,362.0,362.0,2.0,2.0
554972,en_57,3.0,3.0,46.0,sports,188.0,188.0,188.0,1.0,1.0
554973,en_57,3.0,3.0,47.0,"organizations,",213.0,213.0,978.0,1.0,4.0
554974,en_57,3.0,3.0,48.0,including,184.0,314.0,1137.0,2.0,5.0
554975,en_57,3.0,3.0,49.0,the,99.0,252.0,252.0,2.0,2.0
554976,en_57,3.0,3.0,50.0,International,253.0,253.0,1525.0,1.0,5.0
554977,en_57,3.0,3.0,51.0,Olympic,216.0,216.0,1087.0,1.0,6.0
554978,en_57,3.0,3.0,52.0,Committee.,365.0,365.0,1619.0,1.0,7.0
554979,en_57,3.0,4.0,53.0,"Furthermore,",266.0,266.0,921.0,1.0,3.0
554980,en_57,3.0,4.0,54.0,athletes,170.0,330.0,950.0,2.0,6.0
554981,en_57,3.0,4.0,55.0,who,243.0,243.0,472.0,1.0,2.0
554982,en_57,3.0,4.0,56.0,take,84.0,84.0,84.0,1.0,1.0
554983,en_57,3.0,4.0,57.0,explicit,162.0,162.0,162.0,1.0,1.0
554984,en_57,3.0,4.0,58.0,measures,0.0,0.0,0.0,0.0,0.0
554985,en_57,3.0,4.0,59.0,to,0.0,0.0,0.0,0.0,0.0
554986,en_57,3.0,4.0,60.0,evade,0.0,0.0,0.0,0.0,0.0
554987,en_57,3.0,4.0,61.0,detection,139.0,463.0,1077.0,2.0,3.0
554988,en_57,3.0,4.0,62.0,exacerbate,389.0,389.0,559.0,1.0,2.0
554989,en_57,3.0,4.0,63.0,the,0.0,0.0,0.0,0.0,0.0
554990,en_57,3.0,4.0,64.0,ethical,176.0,454.0,1037.0,2.0,4.0
554991,en_57,3.0,4.0,65.0,violation,196.0,576.0,962.0,3.0,5.0
554992,en_57,3.0,4.0,66.0,with,0.0,0.0,0.0,0.0,0.0
554993,en_57,3.0,4.0,67.0,overt,134.0,134.0,134.0,1.0,1.0
554994,en_57,3.0,4.0,68.0,deception,124.0,676.0,988.0,4.0,5.0
554995,en_57,3.0,4.0,69.0,and,0.0,0.0,0.0,0.0,0.0
554996,en_57,3.0,4.0,70.0,cheating.,77.0,186.0,426.0,2.0,3.0
554997,en_57,3.0,5.0,71.0,Despite,0.0,0.0,0.0,0.0,0.0
554998,en_57,3.0,5.0,72.0,its,202.0,202.0,429.0,1.0,2.0
554999,en_57,3.0,5.0,73.0,prevalence,294.0,294.0,774.0,1.0,2.0
555000,en_57,3.0,5.0,74.0,in,0.0,0.0,0.0,0.0,0.0
555001,en_57,3.0,5.0,75.0,the,221.0,221.0,221.0,1.0,1.0
555002,en_57,3.0,5.0,76.0,headlines,0.0,0.0,0.0,0.0,0.0
555003,en_57,3.0,5.0,77.0,"recently,",180.0,180.0,180.0,1.0,1.0
555004,en_57,3.0,5.0,78.0,doping,121.0,121.0,121.0,1.0,1.0
555005,en_57,3.0,5.0,79.0,is,368.0,368.0,368.0,1.0,1.0
555006,en_57,3.0,5.0,80.0,not,277.0,277.0,395.0,1.0,2.0
555007,en_57,3.0,5.0,81.0,a,0.0,0.0,0.0,0.0,0.0
555008,en_57,3.0,5.0,82.0,new,154.0,154.0,315.0,1.0,2.0
555009,en_57,3.0,5.0,83.0,phenomenon;,193.0,193.0,891.0,1.0,4.0
555010,en_57,3.0,6.0,84.0,in,0.0,0.0,0.0,0.0,0.0
555011,en_57,3.0,6.0,85.0,"fact,",168.0,168.0,168.0,1.0,1.0
555012,en_57,3.0,6.0,86.0,it,0.0,0.0,0.0,0.0,0.0
555013,en_57,3.0,6.0,87.0,is,163.0,163.0,163.0,1.0,1.0
555014,en_57,3.0,6.0,88.0,as,0.0,0.0,0.0,0.0,0.0
555015,en_57,3.0,6.0,89.0,old,195.0,195.0,195.0,1.0,1.0
555016,en_57,3.0,6.0,90.0,as,172.0,172.0,172.0,1.0,1.0
555017,en_57,3.0,6.0,91.0,sport,177.0,177.0,177.0,1.0,1.0
555018,en_57,3.0,6.0,92.0,itself.,27.0,27.0,226.0,1.0,2.0
555019,en_57,3.0,7.0,93.0,From,137.0,137.0,137.0,1.0,1.0
555020,en_57,3.0,7.0,94.0,the,91.0,120.0,120.0,2.0,2.0
555021,en_57,3.0,7.0,95.0,use,0.0,0.0,0.0,0.0,0.0
555022,en_57,3.0,7.0,96.0,of,205.0,205.0,205.0,1.0,1.0
555023,en_57,3.0,7.0,97.0,substances,253.0,253.0,253.0,1.0,1.0
555024,en_57,3.0,7.0,98.0,in,0.0,0.0,0.0,0.0,0.0
555025,en_57,3.0,7.0,99.0,ancient,136.0,271.0,271.0,2.0,2.0
555026,en_57,3.0,7.0,100.0,chariot,0.0,0.0,0.0,0.0,0.0
555027,en_57,3.0,7.0,101.0,races,0.0,0.0,0.0,0.0,0.0
555028,en_57,3.0,7.0,102.0,to,124.0,124.0,124.0,1.0,1.0
555029,en_57,3.0,7.0,103.0,more,240.0,240.0,240.0,1.0,1.0
555030,en_57,3.0,7.0,104.0,recent,112.0,112.0,112.0,1.0,1.0
555031,en_57,3.0,7.0,105.0,controversies,228.0,423.0,705.0,2.0,4.0
555032,en_57,3.0,7.0,106.0,in,0.0,0.0,0.0,0.0,0.0
555033,en_57,3.0,7.0,107.0,baseball,177.0,450.0,450.0,2.0,2.0
555034,en_57,3.0,7.0,108.0,and,212.0,212.0,212.0,1.0,1.0
555035,en_57,3.0,7.0,109.0,"cycling,",204.0,204.0,645.0,1.0,3.0
555036,en_57,3.0,7.0,110.0,popular,160.0,221.0,394.0,2.0,3.0
555037,en_57,3.0,7.0,111.0,views,81.0,81.0,391.0,1.0,2.0
555038,en_57,3.0,7.0,112.0,among,67.0,67.0,213.0,1.0,3.0
555039,en_57,3.0,7.0,113.0,athletes,0.0,0.0,0.0,0.0,0.0
555040,en_57,3.0,7.0,114.0,have,0.0,0.0,0.0,0.0,0.0
555041,en_57,3.0,7.0,115.0,varied,0.0,0.0,0.0,0.0,0.0
555042,en_57,3.0,7.0,116.0,widely,0.0,0.0,0.0,0.0,0.0
555043,en_57,3.0,7.0,117.0,over,0.0,0.0,0.0,0.0,0.0
555044,en_57,3.0,7.0,118.0,the,0.0,0.0,0.0,0.0,0.0
555045,en_57,3.0,7.0,119.0,years.,0.0,0.0,0.0,0.0,0.0
555046,en_57,3.0,8.0,120.0,In,177.0,177.0,177.0,1.0,1.0
555047,en_57,3.0,8.0,121.0,recent,0.0,0.0,0.0,0.0,0.0
555048,en_57,3.0,8.0,122.0,"decades,",186.0,186.0,186.0,1.0,1.0
555049,en_57,3.0,8.0,123.0,authorities,247.0,437.0,437.0,2.0,2.0
555050,en_57,3.0,8.0,124.0,and,210.0,210.0,210.0,1.0,1.0
555051,en_57,3.0,8.0,125.0,sporting,269.0,269.0,269.0,1.0,1.0
555052,en_57,3.0,8.0,126.0,organizations,207.0,207.0,563.0,1.0,3.0
555053,en_57,3.0,8.0,127.0,have,244.0,244.0,244.0,1.0,1.0
555054,en_57,3.0,8.0,128.0,tried,213.0,213.0,213.0,1.0,1.0
555055,en_57,3.0,8.0,129.0,to,0.0,0.0,0.0,0.0,0.0
555056,en_57,3.0,8.0,130.0,strictly,284.0,284.0,463.0,1.0,2.0
555057,en_57,3.0,8.0,131.0,regulate,339.0,339.0,339.0,1.0,1.0
555058,en_57,3.0,8.0,132.0,the,0.0,0.0,0.0,0.0,0.0
555059,en_57,3.0,8.0,133.0,use,177.0,177.0,326.0,1.0,2.0
555060,en_57,3.0,8.0,134.0,of,187.0,187.0,187.0,1.0,1.0
555061,en_57,3.0,8.0,135.0,drugs,276.0,276.0,503.0,1.0,2.0
555062,en_57,3.0,8.0,136.0,in,0.0,0.0,0.0,0.0,0.0
555063,en_57,3.0,8.0,137.0,sport.,289.0,289.0,289.0,1.0,1.0
555064,en_57,3.0,9.0,138.0,The,173.0,173.0,173.0,1.0,1.0
555065,en_57,3.0,9.0,139.0,primary,230.0,767.0,767.0,3.0,3.0
555066,en_57,3.0,9.0,140.0,reasons,253.0,253.0,253.0,1.0,1.0
555067,en_57,3.0,9.0,141.0,for,0.0,0.0,0.0,0.0,0.0
555068,en_57,3.0,9.0,142.0,this,0.0,0.0,0.0,0.0,0.0
555069,en_57,3.0,9.0,143.0,ban,167.0,167.0,167.0,1.0,1.0
555070,en_57,3.0,9.0,144.0,are,222.0,222.0,222.0,1.0,1.0
555071,en_57,3.0,9.0,145.0,the,0.0,0.0,0.0,0.0,0.0
555072,en_57,3.0,9.0,146.0,health,216.0,216.0,216.0,1.0,1.0
555073,en_57,3.0,9.0,147.0,risks,247.0,247.0,247.0,1.0,1.0
555074,en_57,3.0,9.0,148.0,of,287.0,444.0,444.0,2.0,2.0
555075,en_57,3.0,9.0,149.0,performance-,184.0,184.0,555.0,1.0,3.0
555076,en_57,3.0,9.0,150.0,enhancing,343.0,343.0,603.0,1.0,2.0
555077,en_57,3.0,9.0,151.0,"drugs,",151.0,151.0,151.0,1.0,1.0
555078,en_57,3.0,9.0,152.0,the,0.0,0.0,0.0,0.0,0.0
555079,en_57,3.0,9.0,153.0,equality,156.0,276.0,276.0,2.0,2.0
555080,en_57,3.0,9.0,154.0,of,0.0,0.0,0.0,0.0,0.0
555081,en_57,3.0,9.0,155.0,opportunity,334.0,520.0,520.0,2.0,2.0
555082,en_57,3.0,9.0,156.0,for,0.0,0.0,0.0,0.0,0.0
555083,en_57,3.0,9.0,157.0,"athletes,",0.0,0.0,0.0,0.0,0.0
555084,en_57,3.0,9.0,158.0,and,0.0,0.0,0.0,0.0,0.0
555085,en_57,3.0,9.0,159.0,the,0.0,0.0,0.0,0.0,0.0
555086,en_57,3.0,9.0,160.0,positive,0.0,0.0,0.0,0.0,0.0
555087,en_57,3.0,9.0,161.0,example,0.0,0.0,0.0,0.0,0.0
555088,en_57,3.0,9.0,162.0,to,0.0,0.0,0.0,0.0,0.0
555089,en_57,3.0,9.0,163.0,the,0.0,0.0,0.0,0.0,0.0
555090,en_57,3.0,9.0,164.0,public,0.0,0.0,0.0,0.0,0.0
555091,en_57,3.0,9.0,165.0,set,0.0,0.0,0.0,0.0,0.0
555092,en_57,3.0,9.0,166.0,by,0.0,0.0,0.0,0.0,0.0
555093,en_57,3.0,9.0,167.0,drug-,225.0,225.0,392.0,1.0,2.0
555094,en_57,3.0,9.0,168.0,free,254.0,254.0,254.0,1.0,1.0
555095,en_57,3.0,9.0,169.0,sport.,166.0,166.0,351.0,1.0,2.0
555096,en_57,3.0,10.0,170.0,Anti-,299.0,299.0,299.0,1.0,1.0
555097,en_57,3.0,10.0,171.0,doping,165.0,165.0,375.0,1.0,2.0
555098,en_57,3.0,10.0,172.0,authorities,183.0,183.0,183.0,1.0,1.0
555099,en_57,3.0,10.0,173.0,have,0.0,0.0,0.0,0.0,0.0
555100,en_57,3.0,10.0,174.0,repeatedly,0.0,0.0,0.0,0.0,0.0
555101,en_57,3.0,10.0,175.0,emphasized,213.0,213.0,213.0,1.0,1.0
555102,en_57,3.0,10.0,176.0,that,0.0,0.0,0.0,0.0,0.0
555103,en_57,3.0,10.0,177.0,using,345.0,345.0,345.0,1.0,1.0
555104,en_57,3.0,10.0,178.0,performance-,254.0,539.0,637.0,2.0,3.0
555105,en_57,3.0,10.0,179.0,enhancing,205.0,352.0,559.0,2.0,3.0
555106,en_57,3.0,10.0,180.0,drugs,225.0,225.0,365.0,1.0,2.0
555107,en_57,3.0,10.0,181.0,goes,167.0,167.0,167.0,1.0,1.0
555108,en_57,3.0,10.0,182.0,against,273.0,273.0,273.0,1.0,1.0
555109,en_57,3.0,10.0,183.0,the,0.0,0.0,0.0,0.0,0.0
555110,en_57,3.0,10.0,184.0,"""spirit",150.0,150.0,150.0,1.0,1.0
555111,en_57,3.0,10.0,185.0,of,154.0,154.0,154.0,1.0,1.0
555112,en_57,3.0,10.0,186.0,"sport"".",160.0,160.0,1777.0,1.0,8.0
555113,en_57,5.0,1.0,1.0,World,132.0,132.0,326.0,1.0,2.0
555114,en_57,5.0,1.0,2.0,Environment,152.0,152.0,737.0,1.0,4.0
555115,en_57,5.0,1.0,3.0,Day,226.0,226.0,226.0,1.0,1.0
555116,en_57,5.0,1.0,4.0,(WED),425.0,425.0,765.0,1.0,2.0
555117,en_57,5.0,1.0,5.0,is,0.0,0.0,0.0,0.0,0.0
555118,en_57,5.0,1.0,6.0,celebrated,236.0,436.0,851.0,2.0,4.0
555119,en_57,5.0,1.0,7.0,on,123.0,123.0,123.0,1.0,1.0
555120,en_57,5.0,1.0,8.0,the,216.0,216.0,216.0,1.0,1.0
555121,en_57,5.0,1.0,9.0,fifth,181.0,181.0,401.0,1.0,2.0
555122,en_57,5.0,1.0,10.0,of,0.0,0.0,0.0,0.0,0.0
555123,en_57,5.0,1.0,11.0,June,228.0,228.0,511.0,1.0,2.0
555124,en_57,5.0,1.0,12.0,every,122.0,122.0,122.0,1.0,1.0
555125,en_57,5.0,1.0,13.0,year,168.0,168.0,168.0,1.0,1.0
555126,en_57,5.0,1.0,14.0,and,196.0,196.0,196.0,1.0,1.0
555127,en_57,5.0,1.0,15.0,is,166.0,166.0,166.0,1.0,1.0
555128,en_57,5.0,1.0,16.0,the,0.0,0.0,0.0,0.0,0.0
555129,en_57,5.0,1.0,17.0,United,176.0,176.0,176.0,1.0,1.0
555130,en_57,5.0,1.0,18.0,Nation's,209.0,209.0,482.0,1.0,2.0
555131,en_57,5.0,1.0,19.0,principal,236.0,236.0,505.0,1.0,2.0
555132,en_57,5.0,1.0,20.0,vehicle,266.0,266.0,468.0,1.0,2.0
555133,en_57,5.0,1.0,21.0,for,172.0,172.0,172.0,1.0,1.0
555134,en_57,5.0,1.0,22.0,encouraging,208.0,404.0,770.0,2.0,3.0
555135,en_57,5.0,1.0,23.0,awareness,136.0,278.0,278.0,2.0,2.0
555136,en_57,5.0,1.0,24.0,and,0.0,0.0,0.0,0.0,0.0
555137,en_57,5.0,1.0,25.0,action,229.0,229.0,229.0,1.0,1.0
555138,en_57,5.0,1.0,26.0,for,0.0,0.0,0.0,0.0,0.0
555139,en_57,5.0,1.0,27.0,the,248.0,248.0,248.0,1.0,1.0
555140,en_57,5.0,1.0,28.0,protection,282.0,1185.0,1185.0,2.0,2.0
555141,en_57,5.0,1.0,29.0,of,0.0,0.0,0.0,0.0,0.0
555142,en_57,5.0,1.0,30.0,the,126.0,126.0,126.0,1.0,1.0
555143,en_57,5.0,1.0,31.0,environment.,207.0,391.0,576.0,2.0,3.0
555144,en_57,5.0,2.0,32.0,First,283.0,283.0,283.0,1.0,1.0
555145,en_57,5.0,2.0,33.0,held,204.0,204.0,204.0,1.0,1.0
555146,en_57,5.0,2.0,34.0,in,237.0,237.0,596.0,1.0,2.0
555147,en_57,5.0,2.0,35.0,"1974,",366.0,366.0,724.0,1.0,3.0
555148,en_57,5.0,2.0,36.0,it,514.0,514.0,514.0,1.0,1.0
555149,en_57,5.0,2.0,37.0,has,0.0,0.0,0.0,0.0,0.0
555150,en_57,5.0,2.0,38.0,been,0.0,0.0,0.0,0.0,0.0
555151,en_57,5.0,2.0,39.0,a,274.0,274.0,274.0,1.0,1.0
555152,en_57,5.0,2.0,40.0,flagship,132.0,300.0,458.0,2.0,3.0
555153,en_57,5.0,2.0,41.0,campaign,181.0,780.0,780.0,2.0,2.0
555154,en_57,5.0,2.0,42.0,for,224.0,224.0,224.0,1.0,1.0
555155,en_57,5.0,2.0,43.0,raising,230.0,522.0,707.0,2.0,3.0
555156,en_57,5.0,2.0,44.0,awareness,0.0,0.0,0.0,0.0,0.0
555157,en_57,5.0,2.0,45.0,on,0.0,0.0,0.0,0.0,0.0
555158,en_57,5.0,2.0,46.0,emerging,203.0,203.0,203.0,1.0,1.0
555159,en_57,5.0,2.0,47.0,environmental,149.0,149.0,149.0,1.0,1.0
555160,en_57,5.0,2.0,48.0,issues,314.0,314.0,538.0,1.0,2.0
555161,en_57,5.0,2.0,49.0,from,0.0,0.0,0.0,0.0,0.0
555162,en_57,5.0,2.0,50.0,marine,405.0,405.0,969.0,1.0,4.0
555163,en_57,5.0,2.0,51.0,"pollution,",250.0,250.0,1482.0,1.0,6.0
555164,en_57,5.0,2.0,52.0,human,304.0,304.0,304.0,1.0,1.0
555165,en_57,5.0,2.0,53.0,"overpopulation,",142.0,142.0,142.0,1.0,1.0
555166,en_57,5.0,2.0,54.0,and,0.0,0.0,0.0,0.0,0.0
555167,en_57,5.0,2.0,55.0,global,613.0,613.0,613.0,1.0,1.0
555168,en_57,5.0,2.0,56.0,warming.,147.0,147.0,147.0,1.0,1.0
555169,en_57,5.0,3.0,57.0,WED,307.0,307.0,307.0,1.0,1.0
555170,en_57,5.0,3.0,58.0,has,298.0,298.0,298.0,1.0,1.0
555171,en_57,5.0,3.0,59.0,grown,359.0,359.0,359.0,1.0,1.0
555172,en_57,5.0,3.0,60.0,to,0.0,0.0,0.0,0.0,0.0
555173,en_57,5.0,3.0,61.0,become,442.0,442.0,718.0,1.0,2.0
555174,en_57,5.0,3.0,62.0,a,0.0,0.0,0.0,0.0,0.0
555175,en_57,5.0,3.0,63.0,global,322.0,322.0,557.0,1.0,2.0
555176,en_57,5.0,3.0,64.0,platform,276.0,276.0,748.0,1.0,2.0
555177,en_57,5.0,3.0,65.0,for,0.0,0.0,0.0,0.0,0.0
555178,en_57,5.0,3.0,66.0,public,307.0,307.0,307.0,1.0,1.0
555179,en_57,5.0,3.0,67.0,"outreach,",166.0,166.0,344.0,1.0,2.0
555180,en_57,5.0,3.0,68.0,with,0.0,0.0,0.0,0.0,0.0
555181,en_57,5.0,3.0,69.0,participation,146.0,369.0,1180.0,2.0,4.0
555182,en_57,5.0,3.0,70.0,from,0.0,0.0,0.0,0.0,0.0
555183,en_57,5.0,3.0,71.0,over,141.0,304.0,304.0,2.0,2.0
555184,en_57,5.0,3.0,72.0,one,0.0,0.0,0.0,0.0,0.0
555185,en_57,5.0,3.0,73.0,hundred,214.0,408.0,408.0,2.0,2.0
555186,en_57,5.0,3.0,74.0,countries,172.0,369.0,369.0,2.0,2.0
555187,en_57,5.0,3.0,75.0,annually.,264.0,489.0,489.0,2.0,2.0
555188,en_57,5.0,4.0,76.0,Each,658.0,658.0,658.0,1.0,1.0
555189,en_57,5.0,4.0,77.0,"year,",168.0,168.0,168.0,1.0,1.0
555190,en_57,5.0,4.0,78.0,WED,238.0,238.0,238.0,1.0,1.0
555191,en_57,5.0,4.0,79.0,chooses,0.0,0.0,0.0,0.0,0.0
555192,en_57,5.0,4.0,80.0,a,0.0,0.0,0.0,0.0,0.0
555193,en_57,5.0,4.0,81.0,new,278.0,278.0,461.0,1.0,2.0
555194,en_57,5.0,4.0,82.0,theme,172.0,172.0,172.0,1.0,1.0
555195,en_57,5.0,4.0,83.0,that,338.0,338.0,338.0,1.0,1.0
555196,en_57,5.0,4.0,84.0,major,232.0,232.0,232.0,1.0,1.0
555197,en_57,5.0,4.0,85.0,"corporations,",228.0,582.0,582.0,3.0,3.0
555198,en_57,5.0,4.0,86.0,non-,158.0,158.0,158.0,1.0,1.0
555199,en_57,5.0,4.0,87.0,governmental,311.0,492.0,492.0,2.0,2.0
555200,en_57,5.0,4.0,88.0,"organizations,",198.0,442.0,442.0,2.0,2.0
555201,en_57,5.0,4.0,89.0,"communities,",345.0,345.0,345.0,1.0,1.0
555202,en_57,5.0,4.0,90.0,governments,260.0,625.0,625.0,2.0,2.0
555203,en_57,5.0,4.0,91.0,and,131.0,131.0,131.0,1.0,1.0
555204,en_57,5.0,4.0,92.0,celebrities,72.0,72.0,764.0,1.0,3.0
555205,en_57,5.0,4.0,93.0,worldwide,157.0,782.0,1122.0,4.0,5.0
555206,en_57,5.0,4.0,94.0,adopt,0.0,0.0,0.0,0.0,0.0
555207,en_57,5.0,4.0,95.0,to,0.0,0.0,0.0,0.0,0.0
555208,en_57,5.0,4.0,96.0,advocate,0.0,0.0,0.0,0.0,0.0
555209,en_57,5.0,4.0,97.0,environmental,151.0,462.0,462.0,2.0,2.0
555210,en_57,5.0,4.0,98.0,causes.,433.0,433.0,433.0,1.0,1.0
555211,en_57,5.0,5.0,99.0,For,0.0,0.0,0.0,0.0,0.0
555212,en_57,5.0,5.0,100.0,"example,",70.0,213.0,213.0,2.0,2.0
555213,en_57,5.0,5.0,101.0,the,207.0,207.0,207.0,1.0,1.0
555214,en_57,5.0,5.0,102.0,theme,0.0,0.0,0.0,0.0,0.0
555215,en_57,5.0,5.0,103.0,for,253.0,253.0,253.0,1.0,1.0
555216,en_57,5.0,5.0,104.0,2018,213.0,213.0,425.0,1.0,2.0
555217,en_57,5.0,5.0,105.0,is,0.0,0.0,0.0,0.0,0.0
555218,en_57,5.0,5.0,106.0,"""Beat",174.0,174.0,394.0,1.0,2.0
555219,en_57,5.0,5.0,107.0,Plastic,150.0,150.0,394.0,1.0,2.0
555220,en_57,5.0,5.0,108.0,"Pollution"".",143.0,143.0,662.0,1.0,2.0
555221,en_57,5.0,6.0,109.0,The,212.0,212.0,212.0,1.0,1.0
555222,en_57,5.0,6.0,110.0,goal,0.0,0.0,0.0,0.0,0.0
555223,en_57,5.0,6.0,111.0,is,0.0,0.0,0.0,0.0,0.0
555224,en_57,5.0,6.0,112.0,to,428.0,556.0,556.0,2.0,2.0
555225,en_57,5.0,6.0,113.0,encourage,322.0,322.0,322.0,1.0,1.0
555226,en_57,5.0,6.0,114.0,people,0.0,0.0,0.0,0.0,0.0
555227,en_57,5.0,6.0,115.0,to,0.0,0.0,0.0,0.0,0.0
555228,en_57,5.0,6.0,116.0,change,0.0,0.0,0.0,0.0,0.0
555229,en_57,5.0,6.0,117.0,their,0.0,0.0,0.0,0.0,0.0
555230,en_57,5.0,6.0,118.0,everyday,127.0,127.0,127.0,1.0,1.0
555231,en_57,5.0,6.0,119.0,habits,0.0,0.0,0.0,0.0,0.0
555232,en_57,5.0,6.0,120.0,in,0.0,0.0,0.0,0.0,0.0
555233,en_57,5.0,6.0,121.0,ways,0.0,0.0,0.0,0.0,0.0
555234,en_57,5.0,6.0,122.0,which,0.0,0.0,0.0,0.0,0.0
555235,en_57,5.0,6.0,123.0,can,0.0,0.0,0.0,0.0,0.0
555236,en_57,5.0,6.0,124.0,reduce,0.0,0.0,0.0,0.0,0.0
555237,en_57,5.0,6.0,125.0,plastic,0.0,0.0,0.0,0.0,0.0
555238,en_57,5.0,6.0,126.0,pollution.,0.0,0.0,0.0,0.0,0.0
555239,en_57,5.0,7.0,127.0,"Specifically,",0.0,0.0,0.0,0.0,0.0
555240,en_57,5.0,7.0,128.0,the,0.0,0.0,0.0,0.0,0.0
555241,en_57,5.0,7.0,129.0,campaign,209.0,1132.0,1132.0,5.0,5.0
555242,en_57,5.0,7.0,130.0,hopes,0.0,0.0,0.0,0.0,0.0
555243,en_57,5.0,7.0,131.0,to,0.0,0.0,0.0,0.0,0.0
555244,en_57,5.0,7.0,132.0,reduce,0.0,0.0,0.0,0.0,0.0
555245,en_57,5.0,7.0,133.0,the,253.0,253.0,253.0,1.0,1.0
555246,en_57,5.0,7.0,134.0,prevalence,158.0,158.0,437.0,1.0,2.0
555247,en_57,5.0,7.0,135.0,of,169.0,169.0,393.0,1.0,2.0
555248,en_57,5.0,7.0,136.0,single-,217.0,217.0,352.0,1.0,2.0
555249,en_57,5.0,7.0,137.0,use,180.0,180.0,180.0,1.0,1.0
555250,en_57,5.0,7.0,138.0,or,197.0,197.0,197.0,1.0,1.0
555251,en_57,5.0,7.0,139.0,disposable,171.0,315.0,315.0,2.0,2.0
555252,en_57,5.0,7.0,140.0,plastic,262.0,262.0,262.0,1.0,1.0
555253,en_57,5.0,7.0,141.0,"items,",154.0,154.0,154.0,1.0,1.0
555254,en_57,5.0,7.0,142.0,as,177.0,177.0,177.0,1.0,1.0
555255,en_57,5.0,7.0,143.0,they,0.0,0.0,0.0,0.0,0.0
555256,en_57,5.0,7.0,144.0,have,218.0,218.0,218.0,1.0,1.0
555257,en_57,5.0,7.0,145.0,severe,188.0,188.0,188.0,1.0,1.0
555258,en_57,5.0,7.0,146.0,environmental,282.0,282.0,282.0,1.0,1.0
555259,en_57,5.0,7.0,147.0,consequences.,201.0,201.0,201.0,1.0,1.0
555260,en_57,5.0,8.0,148.0,In,0.0,0.0,0.0,0.0,0.0
555261,en_57,5.0,8.0,149.0,response,436.0,436.0,588.0,1.0,2.0
555262,en_57,5.0,8.0,150.0,to,0.0,0.0,0.0,0.0,0.0
555263,en_57,5.0,8.0,151.0,this,0.0,0.0,0.0,0.0,0.0
555264,en_57,5.0,8.0,152.0,"campaign,",291.0,291.0,291.0,1.0,1.0
555265,en_57,5.0,8.0,153.0,the,103.0,347.0,347.0,2.0,2.0
555266,en_57,5.0,8.0,154.0,Indian,397.0,397.0,397.0,1.0,1.0
555267,en_57,5.0,8.0,155.0,government,279.0,279.0,279.0,1.0,1.0
555268,en_57,5.0,8.0,156.0,has,168.0,168.0,168.0,1.0,1.0
555269,en_57,5.0,8.0,157.0,pledged,195.0,195.0,195.0,1.0,1.0
555270,en_57,5.0,8.0,158.0,to,0.0,0.0,0.0,0.0,0.0
555271,en_57,5.0,8.0,159.0,eliminate,152.0,386.0,386.0,2.0,2.0
555272,en_57,5.0,8.0,160.0,all,365.0,642.0,642.0,2.0,2.0
555273,en_57,5.0,8.0,161.0,single-,333.0,333.0,587.0,1.0,2.0
555274,en_57,5.0,8.0,162.0,use,0.0,0.0,0.0,0.0,0.0
555275,en_57,5.0,8.0,163.0,plastic,96.0,349.0,349.0,2.0,2.0
555276,en_57,5.0,8.0,164.0,in,257.0,257.0,451.0,1.0,2.0
555277,en_57,5.0,8.0,165.0,India,317.0,317.0,488.0,1.0,2.0
555278,en_57,5.0,8.0,166.0,by,179.0,179.0,179.0,1.0,1.0
555279,en_57,5.0,8.0,167.0,2022.,213.0,2412.0,3446.0,11.0,15.0
555280,en_57,6.0,1.0,1.0,A,0.0,0.0,0.0,0.0,0.0
555281,en_57,6.0,1.0,2.0,monocle,173.0,524.0,1227.0,3.0,6.0
555282,en_57,6.0,1.0,3.0,is,330.0,330.0,687.0,1.0,3.0
555283,en_57,6.0,1.0,4.0,a,280.0,280.0,447.0,1.0,2.0
555284,en_57,6.0,1.0,5.0,type,127.0,291.0,291.0,2.0,2.0
555285,en_57,6.0,1.0,6.0,of,215.0,215.0,215.0,1.0,1.0
555286,en_57,6.0,1.0,7.0,corrective,436.0,436.0,677.0,1.0,2.0
555287,en_57,6.0,1.0,8.0,lens,204.0,204.0,204.0,1.0,1.0
555288,en_57,6.0,1.0,9.0,used,0.0,0.0,0.0,0.0,0.0
555289,en_57,6.0,1.0,10.0,to,134.0,287.0,287.0,2.0,2.0
555290,en_57,6.0,1.0,11.0,correct,0.0,0.0,0.0,0.0,0.0
555291,en_57,6.0,1.0,12.0,or,0.0,0.0,0.0,0.0,0.0
555292,en_57,6.0,1.0,13.0,enhance,218.0,423.0,423.0,2.0,2.0
555293,en_57,6.0,1.0,14.0,the,0.0,0.0,0.0,0.0,0.0
555294,en_57,6.0,1.0,15.0,vision,279.0,279.0,279.0,1.0,1.0
555295,en_57,6.0,1.0,16.0,in,0.0,0.0,0.0,0.0,0.0
555296,en_57,6.0,1.0,17.0,only,258.0,258.0,258.0,1.0,1.0
555297,en_57,6.0,1.0,18.0,one,371.0,371.0,371.0,1.0,1.0
555298,en_57,6.0,1.0,19.0,eye.,0.0,0.0,0.0,0.0,0.0
555299,en_57,6.0,2.0,20.0,It,149.0,149.0,149.0,1.0,1.0
555300,en_57,6.0,2.0,21.0,consists,172.0,172.0,172.0,1.0,1.0
555301,en_57,6.0,2.0,22.0,of,215.0,215.0,215.0,1.0,1.0
555302,en_57,6.0,2.0,23.0,a,0.0,0.0,0.0,0.0,0.0
555303,en_57,6.0,2.0,24.0,circular,261.0,261.0,261.0,1.0,1.0
555304,en_57,6.0,2.0,25.0,"lens,",0.0,0.0,0.0,0.0,0.0
555305,en_57,6.0,2.0,26.0,generally,210.0,210.0,210.0,1.0,1.0
555306,en_57,6.0,2.0,27.0,with,0.0,0.0,0.0,0.0,0.0
555307,en_57,6.0,2.0,28.0,a,151.0,151.0,151.0,1.0,1.0
555308,en_57,6.0,2.0,29.0,wire,173.0,332.0,332.0,2.0,2.0
555309,en_57,6.0,2.0,30.0,ring,141.0,141.0,141.0,1.0,1.0
555310,en_57,6.0,2.0,31.0,around,207.0,207.0,207.0,1.0,1.0
555311,en_57,6.0,2.0,32.0,the,160.0,160.0,160.0,1.0,1.0
555312,en_57,6.0,2.0,33.0,circumference,226.0,226.0,226.0,1.0,1.0
555313,en_57,6.0,2.0,34.0,that,0.0,0.0,0.0,0.0,0.0
555314,en_57,6.0,2.0,35.0,can,291.0,291.0,291.0,1.0,1.0
555315,en_57,6.0,2.0,36.0,be,223.0,223.0,223.0,1.0,1.0
555316,en_57,6.0,2.0,37.0,attached,0.0,0.0,0.0,0.0,0.0
555317,en_57,6.0,2.0,38.0,to,0.0,0.0,0.0,0.0,0.0
555318,en_57,6.0,2.0,39.0,a,242.0,242.0,242.0,1.0,1.0
555319,en_57,6.0,2.0,40.0,string,0.0,0.0,0.0,0.0,0.0
555320,en_57,6.0,2.0,41.0,or,0.0,0.0,0.0,0.0,0.0
555321,en_57,6.0,2.0,42.0,wire.,0.0,0.0,0.0,0.0,0.0
555322,en_57,6.0,3.0,43.0,The,0.0,0.0,0.0,0.0,0.0
555323,en_57,6.0,3.0,44.0,other,249.0,249.0,249.0,1.0,1.0
555324,en_57,6.0,3.0,45.0,end,133.0,133.0,282.0,1.0,2.0
555325,en_57,6.0,3.0,46.0,of,0.0,0.0,0.0,0.0,0.0
555326,en_57,6.0,3.0,47.0,the,0.0,0.0,0.0,0.0,0.0
555327,en_57,6.0,3.0,48.0,string,293.0,293.0,450.0,1.0,2.0
555328,en_57,6.0,3.0,49.0,is,0.0,0.0,0.0,0.0,0.0
555329,en_57,6.0,3.0,50.0,then,224.0,224.0,393.0,1.0,2.0
555330,en_57,6.0,3.0,51.0,connected,225.0,225.0,396.0,1.0,2.0
555331,en_57,6.0,3.0,52.0,to,0.0,0.0,0.0,0.0,0.0
555332,en_57,6.0,3.0,53.0,the,0.0,0.0,0.0,0.0,0.0
555333,en_57,6.0,3.0,54.0,wearer's,0.0,0.0,0.0,0.0,0.0
555334,en_57,6.0,3.0,55.0,clothing,0.0,0.0,0.0,0.0,0.0
555335,en_57,6.0,3.0,56.0,to,0.0,0.0,0.0,0.0,0.0
555336,en_57,6.0,3.0,57.0,avoid,229.0,229.0,229.0,1.0,1.0
555337,en_57,6.0,3.0,58.0,losing,206.0,206.0,206.0,1.0,1.0
555338,en_57,6.0,3.0,59.0,the,0.0,0.0,0.0,0.0,0.0
555339,en_57,6.0,3.0,60.0,monocle.,269.0,269.0,269.0,1.0,1.0
555340,en_57,6.0,4.0,61.0,During,182.0,182.0,182.0,1.0,1.0
555341,en_57,6.0,4.0,62.0,the,0.0,0.0,0.0,0.0,0.0
555342,en_57,6.0,4.0,63.0,late,0.0,0.0,0.0,0.0,0.0
555343,en_57,6.0,4.0,64.0,nineteenth,312.0,312.0,312.0,1.0,1.0
555344,en_57,6.0,4.0,65.0,"century,",219.0,219.0,219.0,1.0,1.0
555345,en_57,6.0,4.0,66.0,the,0.0,0.0,0.0,0.0,0.0
555346,en_57,6.0,4.0,67.0,monocle,0.0,0.0,0.0,0.0,0.0
555347,en_57,6.0,4.0,68.0,was,0.0,0.0,0.0,0.0,0.0
555348,en_57,6.0,4.0,69.0,generally,227.0,227.0,227.0,1.0,1.0
555349,en_57,6.0,4.0,70.0,associated,256.0,256.0,501.0,1.0,2.0
555350,en_57,6.0,4.0,71.0,with,115.0,115.0,143.0,1.0,2.0
555351,en_57,6.0,4.0,72.0,"wealthy,",91.0,91.0,722.0,1.0,5.0
555352,en_57,6.0,4.0,73.0,upper-,182.0,182.0,471.0,1.0,2.0
555353,en_57,6.0,4.0,74.0,class,0.0,0.0,0.0,0.0,0.0
555354,en_57,6.0,4.0,75.0,men.,322.0,322.0,322.0,1.0,1.0
555355,en_57,6.0,5.0,76.0,Combined,246.0,246.0,246.0,1.0,1.0
555356,en_57,6.0,5.0,77.0,with,442.0,442.0,442.0,1.0,1.0
555357,en_57,6.0,5.0,78.0,a,155.0,155.0,155.0,1.0,1.0
555358,en_57,6.0,5.0,79.0,long,0.0,0.0,0.0,0.0,0.0
555359,en_57,6.0,5.0,80.0,coat,0.0,0.0,0.0,0.0,0.0
555360,en_57,6.0,5.0,81.0,and,0.0,0.0,0.0,0.0,0.0
555361,en_57,6.0,5.0,82.0,a,0.0,0.0,0.0,0.0,0.0
555362,en_57,6.0,5.0,83.0,top,0.0,0.0,0.0,0.0,0.0
555363,en_57,6.0,5.0,84.0,"hat,",109.0,109.0,109.0,1.0,1.0
555364,en_57,6.0,5.0,85.0,the,0.0,0.0,0.0,0.0,0.0
555365,en_57,6.0,5.0,86.0,monocle,216.0,216.0,335.0,1.0,2.0
555366,en_57,6.0,5.0,87.0,completed,266.0,266.0,658.0,1.0,3.0
555367,en_57,6.0,5.0,88.0,the,0.0,0.0,0.0,0.0,0.0
555368,en_57,6.0,5.0,89.0,costume,434.0,434.0,638.0,1.0,2.0
555369,en_57,6.0,5.0,90.0,of,0.0,0.0,0.0,0.0,0.0
555370,en_57,6.0,5.0,91.0,the,0.0,0.0,0.0,0.0,0.0
555371,en_57,6.0,5.0,92.0,stereotypical,238.0,653.0,653.0,2.0,2.0
555372,en_57,6.0,5.0,93.0,late,320.0,320.0,320.0,1.0,1.0
555373,en_57,6.0,5.0,94.0,nineteenth,145.0,299.0,976.0,2.0,5.0
555374,en_57,6.0,5.0,95.0,century,274.0,274.0,752.0,1.0,3.0
555375,en_57,6.0,5.0,96.0,capitalist.,206.0,309.0,786.0,2.0,4.0
555376,en_57,6.0,6.0,97.0,Monocles,311.0,311.0,311.0,1.0,1.0
555377,en_57,6.0,6.0,98.0,were,143.0,143.0,143.0,1.0,1.0
555378,en_57,6.0,6.0,99.0,also,254.0,254.0,254.0,1.0,1.0
555379,en_57,6.0,6.0,100.0,accessories,224.0,224.0,626.0,1.0,3.0
555380,en_57,6.0,6.0,101.0,of,0.0,0.0,0.0,0.0,0.0
555381,en_57,6.0,6.0,102.0,military,249.0,249.0,664.0,1.0,3.0
555382,en_57,6.0,6.0,103.0,officers,269.0,269.0,412.0,1.0,2.0
555383,en_57,6.0,6.0,104.0,from,285.0,285.0,285.0,1.0,1.0
555384,en_57,6.0,6.0,105.0,this,252.0,252.0,252.0,1.0,1.0
555385,en_57,6.0,6.0,106.0,period.,147.0,147.0,389.0,1.0,2.0
555386,en_57,6.0,7.0,107.0,Despite,320.0,320.0,320.0,1.0,1.0
555387,en_57,6.0,7.0,108.0,their,232.0,232.0,232.0,1.0,1.0
555388,en_57,6.0,7.0,109.0,prevalence,68.0,68.0,500.0,1.0,3.0
555389,en_57,6.0,7.0,110.0,in,0.0,0.0,0.0,0.0,0.0
555390,en_57,6.0,7.0,111.0,the,156.0,156.0,156.0,1.0,1.0
555391,en_57,6.0,7.0,112.0,late,284.0,284.0,284.0,1.0,1.0
555392,en_57,6.0,7.0,113.0,nineteenth,217.0,217.0,217.0,1.0,1.0
555393,en_57,6.0,7.0,114.0,"century,",122.0,122.0,338.0,1.0,2.0
555394,en_57,6.0,7.0,115.0,monocles,169.0,536.0,642.0,3.0,4.0
555395,en_57,6.0,7.0,116.0,are,0.0,0.0,0.0,0.0,0.0
555396,en_57,6.0,7.0,117.0,rarely,197.0,197.0,197.0,1.0,1.0
555397,en_57,6.0,7.0,118.0,worn,164.0,380.0,380.0,2.0,2.0
555398,en_57,6.0,7.0,119.0,today.,138.0,138.0,336.0,1.0,3.0
555399,en_57,6.0,8.0,120.0,This,138.0,138.0,298.0,1.0,2.0
555400,en_57,6.0,8.0,121.0,is,334.0,334.0,334.0,1.0,1.0
555401,en_57,6.0,8.0,122.0,due,194.0,194.0,194.0,1.0,1.0
555402,en_57,6.0,8.0,123.0,in,0.0,0.0,0.0,0.0,0.0
555403,en_57,6.0,8.0,124.0,large,252.0,252.0,252.0,1.0,1.0
555404,en_57,6.0,8.0,125.0,part,170.0,170.0,170.0,1.0,1.0
555405,en_57,6.0,8.0,126.0,to,0.0,0.0,0.0,0.0,0.0
555406,en_57,6.0,8.0,127.0,advances,225.0,488.0,954.0,2.0,4.0
555407,en_57,6.0,8.0,128.0,in,184.0,184.0,184.0,1.0,1.0
555408,en_57,6.0,8.0,129.0,"optometry,",345.0,518.0,1127.0,2.0,5.0
555409,en_57,6.0,8.0,130.0,which,0.0,0.0,0.0,0.0,0.0
555410,en_57,6.0,8.0,131.0,allow,0.0,0.0,0.0,0.0,0.0
555411,en_57,6.0,8.0,132.0,for,223.0,223.0,223.0,1.0,1.0
555412,en_57,6.0,8.0,133.0,better,141.0,141.0,141.0,1.0,1.0
555413,en_57,6.0,8.0,134.0,measurement,0.0,0.0,0.0,0.0,0.0
555414,en_57,6.0,8.0,135.0,of,0.0,0.0,0.0,0.0,0.0
555415,en_57,6.0,8.0,136.0,refractive,111.0,681.0,681.0,3.0,3.0
555416,en_57,6.0,8.0,137.0,"error,",156.0,498.0,498.0,2.0,2.0
555417,en_57,6.0,8.0,138.0,so,0.0,0.0,0.0,0.0,0.0
555418,en_57,6.0,8.0,139.0,that,218.0,218.0,218.0,1.0,1.0
555419,en_57,6.0,8.0,140.0,glasses,256.0,256.0,539.0,1.0,2.0
555420,en_57,6.0,8.0,141.0,and,0.0,0.0,0.0,0.0,0.0
555421,en_57,6.0,8.0,142.0,contact,269.0,269.0,501.0,1.0,2.0
555422,en_57,6.0,8.0,143.0,lenses,0.0,0.0,0.0,0.0,0.0
555423,en_57,6.0,8.0,144.0,can,0.0,0.0,0.0,0.0,0.0
555424,en_57,6.0,8.0,145.0,be,148.0,148.0,148.0,1.0,1.0
555425,en_57,6.0,8.0,146.0,prescribed,187.0,187.0,486.0,1.0,2.0
555426,en_57,6.0,8.0,147.0,with,262.0,262.0,262.0,1.0,1.0
555427,en_57,6.0,8.0,148.0,different,247.0,247.0,848.0,1.0,4.0
555428,en_57,6.0,8.0,149.0,strengths,239.0,239.0,719.0,1.0,3.0
555429,en_57,6.0,8.0,150.0,in,257.0,257.0,257.0,1.0,1.0
555430,en_57,6.0,8.0,151.0,each,606.0,606.0,606.0,1.0,1.0
555431,en_57,6.0,8.0,152.0,eye.,206.0,752.0,1225.0,4.0,6.0
555432,en_57,7.0,1.0,1.0,Wine,142.0,142.0,288.0,1.0,2.0
555433,en_57,7.0,1.0,2.0,tasting,126.0,126.0,1522.0,1.0,7.0
555434,en_57,7.0,1.0,3.0,is,0.0,0.0,0.0,0.0,0.0
555435,en_57,7.0,1.0,4.0,the,193.0,353.0,353.0,2.0,2.0
555436,en_57,7.0,1.0,5.0,sensory,156.0,356.0,955.0,2.0,5.0
555437,en_57,7.0,1.0,6.0,examination,231.0,785.0,1899.0,3.0,6.0
555438,en_57,7.0,1.0,7.0,and,208.0,208.0,208.0,1.0,1.0
555439,en_57,7.0,1.0,8.0,evaluation,335.0,1027.0,1867.0,3.0,7.0
555440,en_57,7.0,1.0,9.0,of,0.0,0.0,0.0,0.0,0.0
555441,en_57,7.0,1.0,10.0,wine.,0.0,0.0,0.0,0.0,0.0
555442,en_57,7.0,2.0,11.0,While,0.0,0.0,0.0,0.0,0.0
555443,en_57,7.0,2.0,12.0,the,0.0,0.0,0.0,0.0,0.0
555444,en_57,7.0,2.0,13.0,practice,0.0,0.0,0.0,0.0,0.0
555445,en_57,7.0,2.0,14.0,of,0.0,0.0,0.0,0.0,0.0
555446,en_57,7.0,2.0,15.0,wine,0.0,0.0,0.0,0.0,0.0
555447,en_57,7.0,2.0,16.0,tasting,208.0,208.0,208.0,1.0,1.0
555448,en_57,7.0,2.0,17.0,is,0.0,0.0,0.0,0.0,0.0
555449,en_57,7.0,2.0,18.0,as,201.0,201.0,201.0,1.0,1.0
555450,en_57,7.0,2.0,19.0,ancient,165.0,165.0,165.0,1.0,1.0
555451,en_57,7.0,2.0,20.0,as,0.0,0.0,0.0,0.0,0.0
555452,en_57,7.0,2.0,21.0,its,0.0,0.0,0.0,0.0,0.0
555453,en_57,7.0,2.0,22.0,"production,",136.0,136.0,418.0,1.0,2.0
555454,en_57,7.0,2.0,23.0,a,0.0,0.0,0.0,0.0,0.0
555455,en_57,7.0,2.0,24.0,more,0.0,0.0,0.0,0.0,0.0
555456,en_57,7.0,2.0,25.0,formalized,0.0,0.0,0.0,0.0,0.0
555457,en_57,7.0,2.0,26.0,methodology,318.0,531.0,531.0,2.0,2.0
555458,en_57,7.0,2.0,27.0,has,152.0,152.0,152.0,1.0,1.0
555459,en_57,7.0,2.0,28.0,slowly,0.0,0.0,0.0,0.0,0.0
555460,en_57,7.0,2.0,29.0,become,245.0,245.0,571.0,1.0,3.0
555461,en_57,7.0,2.0,30.0,established,270.0,628.0,628.0,3.0,3.0
555462,en_57,7.0,2.0,31.0,from,238.0,238.0,238.0,1.0,1.0
555463,en_57,7.0,2.0,32.0,the,0.0,0.0,0.0,0.0,0.0
555464,en_57,7.0,2.0,33.0,late,331.0,331.0,331.0,1.0,1.0
555465,en_57,7.0,2.0,34.0,middle,200.0,200.0,200.0,1.0,1.0
555466,en_57,7.0,2.0,35.0,ages,0.0,0.0,0.0,0.0,0.0
555467,en_57,7.0,2.0,36.0,onwards.,331.0,331.0,331.0,1.0,1.0
555468,en_57,7.0,3.0,37.0,"Modern,",223.0,223.0,481.0,1.0,2.0
555469,en_57,7.0,3.0,38.0,professional,138.0,359.0,766.0,2.0,4.0
555470,en_57,7.0,3.0,39.0,wine,281.0,281.0,432.0,1.0,3.0
555471,en_57,7.0,3.0,40.0,tasters,158.0,158.0,158.0,1.0,1.0
555472,en_57,7.0,3.0,41.0,use,0.0,0.0,0.0,0.0,0.0
555473,en_57,7.0,3.0,42.0,a,223.0,223.0,223.0,1.0,1.0
555474,en_57,7.0,3.0,43.0,constantly,156.0,156.0,156.0,1.0,1.0
555475,en_57,7.0,3.0,44.0,evolving,217.0,217.0,538.0,1.0,2.0
555476,en_57,7.0,3.0,45.0,specialized,200.0,200.0,562.0,1.0,3.0
555477,en_57,7.0,3.0,46.0,terminology,218.0,415.0,987.0,2.0,5.0
555478,en_57,7.0,3.0,47.0,which,0.0,0.0,0.0,0.0,0.0
555479,en_57,7.0,3.0,48.0,is,193.0,193.0,193.0,1.0,1.0
555480,en_57,7.0,3.0,49.0,used,395.0,395.0,395.0,1.0,1.0
555481,en_57,7.0,3.0,50.0,to,156.0,156.0,156.0,1.0,1.0
555482,en_57,7.0,3.0,51.0,describe,383.0,710.0,710.0,2.0,2.0
555483,en_57,7.0,3.0,52.0,the,0.0,0.0,0.0,0.0,0.0
555484,en_57,7.0,3.0,53.0,range,0.0,0.0,0.0,0.0,0.0
555485,en_57,7.0,3.0,54.0,of,0.0,0.0,0.0,0.0,0.0
555486,en_57,7.0,3.0,55.0,perceived,244.0,244.0,371.0,1.0,3.0
555487,en_57,7.0,3.0,56.0,"flavors,",0.0,0.0,0.0,0.0,0.0
555488,en_57,7.0,3.0,57.0,aromas,349.0,349.0,349.0,1.0,1.0
555489,en_57,7.0,3.0,58.0,and,0.0,0.0,0.0,0.0,0.0
555490,en_57,7.0,3.0,59.0,general,293.0,293.0,634.0,1.0,3.0
555491,en_57,7.0,3.0,60.0,characteristics,238.0,388.0,388.0,2.0,2.0
555492,en_57,7.0,3.0,61.0,of,0.0,0.0,0.0,0.0,0.0
555493,en_57,7.0,3.0,62.0,a,233.0,233.0,233.0,1.0,1.0
555494,en_57,7.0,3.0,63.0,wine.,140.0,140.0,140.0,1.0,1.0
555495,en_57,7.0,4.0,64.0,In,0.0,0.0,0.0,0.0,0.0
555496,en_57,7.0,4.0,65.0,recent,183.0,415.0,415.0,2.0,2.0
555497,en_57,7.0,4.0,66.0,"years,",206.0,465.0,614.0,2.0,3.0
555498,en_57,7.0,4.0,67.0,results,193.0,193.0,617.0,1.0,3.0
555499,en_57,7.0,4.0,68.0,challenging,290.0,509.0,833.0,2.0,3.0
555500,en_57,7.0,4.0,69.0,the,0.0,0.0,0.0,0.0,0.0
555501,en_57,7.0,4.0,70.0,reliability,156.0,716.0,1362.0,3.0,9.0
555502,en_57,7.0,4.0,71.0,of,0.0,0.0,0.0,0.0,0.0
555503,en_57,7.0,4.0,72.0,wine,197.0,197.0,197.0,1.0,1.0
555504,en_57,7.0,4.0,73.0,tasting,186.0,186.0,186.0,1.0,1.0
555505,en_57,7.0,4.0,74.0,in,195.0,195.0,195.0,1.0,1.0
555506,en_57,7.0,4.0,75.0,both,0.0,0.0,0.0,0.0,0.0
555507,en_57,7.0,4.0,76.0,experts,367.0,367.0,367.0,1.0,1.0
555508,en_57,7.0,4.0,77.0,and,0.0,0.0,0.0,0.0,0.0
555509,en_57,7.0,4.0,78.0,consumers,241.0,241.0,241.0,1.0,1.0
555510,en_57,7.0,4.0,79.0,have,37.0,37.0,327.0,1.0,2.0
555511,en_57,7.0,4.0,80.0,surfaced.,239.0,239.0,239.0,1.0,1.0
555512,en_57,7.0,5.0,81.0,For,337.0,337.0,476.0,1.0,2.0
555513,en_57,7.0,5.0,82.0,"example,",175.0,175.0,175.0,1.0,1.0
555514,en_57,7.0,5.0,83.0,studies,251.0,251.0,592.0,1.0,3.0
555515,en_57,7.0,5.0,84.0,showed,252.0,252.0,552.0,1.0,2.0
555516,en_57,7.0,5.0,85.0,that,0.0,0.0,0.0,0.0,0.0
555517,en_57,7.0,5.0,86.0,people,0.0,0.0,0.0,0.0,0.0
555518,en_57,7.0,5.0,87.0,expect,290.0,290.0,290.0,1.0,1.0
555519,en_57,7.0,5.0,88.0,more,406.0,406.0,664.0,1.0,2.0
555520,en_57,7.0,5.0,89.0,expensive,193.0,193.0,737.0,1.0,3.0
555521,en_57,7.0,5.0,90.0,wine,295.0,295.0,295.0,1.0,1.0
555522,en_57,7.0,5.0,91.0,to,0.0,0.0,0.0,0.0,0.0
555523,en_57,7.0,5.0,92.0,have,192.0,192.0,192.0,1.0,1.0
555524,en_57,7.0,5.0,93.0,more,158.0,158.0,431.0,1.0,2.0
555525,en_57,7.0,5.0,94.0,desirable,235.0,235.0,368.0,1.0,2.0
555526,en_57,7.0,5.0,95.0,characteristics,142.0,423.0,423.0,2.0,2.0
555527,en_57,7.0,5.0,96.0,than,251.0,251.0,251.0,1.0,1.0
555528,en_57,7.0,5.0,97.0,less,216.0,216.0,323.0,1.0,2.0
555529,en_57,7.0,5.0,98.0,expensive,231.0,231.0,422.0,1.0,2.0
555530,en_57,7.0,5.0,99.0,wine:,248.0,248.0,407.0,1.0,2.0
555531,en_57,7.0,5.0,100.0,When,378.0,378.0,378.0,1.0,1.0
555532,en_57,7.0,5.0,101.0,tasters,266.0,266.0,266.0,1.0,1.0
555533,en_57,7.0,5.0,102.0,are,0.0,0.0,0.0,0.0,0.0
555534,en_57,7.0,5.0,103.0,given,164.0,355.0,355.0,2.0,2.0
555535,en_57,7.0,5.0,104.0,wine,0.0,0.0,0.0,0.0,0.0
555536,en_57,7.0,5.0,105.0,that,257.0,257.0,257.0,1.0,1.0
555537,en_57,7.0,5.0,106.0,they,175.0,175.0,175.0,1.0,1.0
555538,en_57,7.0,5.0,107.0,are,0.0,0.0,0.0,0.0,0.0
555539,en_57,7.0,5.0,108.0,falsely,186.0,347.0,347.0,2.0,2.0
555540,en_57,7.0,5.0,109.0,told,0.0,0.0,0.0,0.0,0.0
555541,en_57,7.0,5.0,110.0,is,280.0,280.0,280.0,1.0,1.0
555542,en_57,7.0,5.0,111.0,expensive,259.0,259.0,259.0,1.0,1.0
555543,en_57,7.0,5.0,112.0,they,0.0,0.0,0.0,0.0,0.0
555544,en_57,7.0,5.0,113.0,virtually,197.0,376.0,376.0,2.0,2.0
555545,en_57,7.0,5.0,114.0,always,268.0,268.0,268.0,1.0,1.0
555546,en_57,7.0,5.0,115.0,report,193.0,193.0,193.0,1.0,1.0
555547,en_57,7.0,5.0,116.0,it,0.0,0.0,0.0,0.0,0.0
555548,en_57,7.0,5.0,117.0,as,207.0,207.0,207.0,1.0,1.0
555549,en_57,7.0,5.0,118.0,tasting,231.0,231.0,231.0,1.0,1.0
555550,en_57,7.0,5.0,119.0,better,256.0,256.0,256.0,1.0,1.0
555551,en_57,7.0,5.0,120.0,than,238.0,238.0,238.0,1.0,1.0
555552,en_57,7.0,5.0,121.0,the,0.0,0.0,0.0,0.0,0.0
555553,en_57,7.0,5.0,122.0,very,0.0,0.0,0.0,0.0,0.0
555554,en_57,7.0,5.0,123.0,same,236.0,236.0,593.0,1.0,3.0
555555,en_57,7.0,5.0,124.0,wine,156.0,156.0,326.0,1.0,2.0
555556,en_57,7.0,5.0,125.0,when,125.0,125.0,381.0,1.0,2.0
555557,en_57,7.0,5.0,126.0,they,0.0,0.0,0.0,0.0,0.0
555558,en_57,7.0,5.0,127.0,are,210.0,210.0,210.0,1.0,1.0
555559,en_57,7.0,5.0,128.0,told,243.0,243.0,243.0,1.0,1.0
555560,en_57,7.0,5.0,129.0,that,0.0,0.0,0.0,0.0,0.0
555561,en_57,7.0,5.0,130.0,it,0.0,0.0,0.0,0.0,0.0
555562,en_57,7.0,5.0,131.0,is,227.0,227.0,227.0,1.0,1.0
555563,en_57,7.0,5.0,132.0,inexpensive.,270.0,270.0,270.0,1.0,1.0
555564,en_57,7.0,6.0,133.0,Other,448.0,448.0,448.0,1.0,1.0
555565,en_57,7.0,6.0,134.0,studies,271.0,271.0,424.0,1.0,2.0
555566,en_57,7.0,6.0,135.0,show,0.0,0.0,0.0,0.0,0.0
555567,en_57,7.0,6.0,136.0,that,285.0,285.0,285.0,1.0,1.0
555568,en_57,7.0,6.0,137.0,tasters',229.0,724.0,724.0,2.0,2.0
555569,en_57,7.0,6.0,138.0,judgment,718.0,718.0,718.0,1.0,1.0
555570,en_57,7.0,6.0,139.0,can,243.0,243.0,243.0,1.0,1.0
555571,en_57,7.0,6.0,140.0,be,290.0,290.0,290.0,1.0,1.0
555572,en_57,7.0,6.0,141.0,prejudiced,0.0,0.0,0.0,0.0,0.0
555573,en_57,7.0,6.0,142.0,by,0.0,0.0,0.0,0.0,0.0
555574,en_57,7.0,6.0,143.0,knowing,150.0,150.0,150.0,1.0,1.0
555575,en_57,7.0,6.0,144.0,details,352.0,352.0,352.0,1.0,1.0
555576,en_57,7.0,6.0,145.0,of,0.0,0.0,0.0,0.0,0.0
555577,en_57,7.0,6.0,146.0,a,434.0,434.0,434.0,1.0,1.0
555578,en_57,7.0,6.0,147.0,"wine,",168.0,168.0,168.0,1.0,1.0
555579,en_57,7.0,6.0,148.0,such,789.0,789.0,789.0,1.0,1.0
555580,en_57,7.0,6.0,149.0,as,0.0,0.0,0.0,0.0,0.0
555581,en_57,7.0,6.0,150.0,geographic,243.0,243.0,243.0,1.0,1.0
555582,en_57,7.0,6.0,151.0,"origin,",149.0,149.0,149.0,1.0,1.0
555583,en_57,7.0,6.0,152.0,"reputation,",288.0,288.0,288.0,1.0,1.0
555584,en_57,7.0,6.0,153.0,or,0.0,0.0,0.0,0.0,0.0
555585,en_57,7.0,6.0,154.0,other,0.0,0.0,0.0,0.0,0.0
555586,en_57,7.0,6.0,155.0,considerations.,359.0,359.0,894.0,1.0,3.0
555587,en_57,7.0,7.0,156.0,Objective,0.0,0.0,0.0,0.0,0.0
555588,en_57,7.0,7.0,157.0,wine,210.0,210.0,210.0,1.0,1.0
555589,en_57,7.0,7.0,158.0,tasting,324.0,324.0,1802.0,1.0,7.0
555590,en_57,7.0,7.0,159.0,therefore,180.0,180.0,1041.0,1.0,5.0
555591,en_57,7.0,7.0,160.0,requires,282.0,282.0,282.0,1.0,1.0
555592,en_57,7.0,7.0,161.0,the,0.0,0.0,0.0,0.0,0.0
555593,en_57,7.0,7.0,162.0,wine,320.0,320.0,550.0,1.0,2.0
555594,en_57,7.0,7.0,163.0,to,0.0,0.0,0.0,0.0,0.0
555595,en_57,7.0,7.0,164.0,be,197.0,197.0,197.0,1.0,1.0
555596,en_57,7.0,7.0,165.0,served,174.0,174.0,174.0,1.0,1.0
555597,en_57,7.0,7.0,166.0,blind,194.0,194.0,194.0,1.0,1.0
555598,en_57,7.0,7.0,167.0,â€“,0.0,0.0,0.0,0.0,0.0
555599,en_57,7.0,7.0,168.0,that,174.0,555.0,555.0,2.0,2.0
555600,en_57,7.0,7.0,169.0,"is,",0.0,0.0,0.0,0.0,0.0
555601,en_57,7.0,7.0,170.0,without,212.0,212.0,212.0,1.0,1.0
555602,en_57,7.0,7.0,171.0,the,242.0,242.0,242.0,1.0,1.0
555603,en_57,7.0,7.0,172.0,taster,258.0,258.0,258.0,1.0,1.0
555604,en_57,7.0,7.0,173.0,having,277.0,412.0,412.0,2.0,2.0
555605,en_57,7.0,7.0,174.0,seen,0.0,0.0,0.0,0.0,0.0
555606,en_57,7.0,7.0,175.0,the,293.0,293.0,293.0,1.0,1.0
555607,en_57,7.0,7.0,176.0,label,158.0,158.0,158.0,1.0,1.0
555608,en_57,7.0,7.0,177.0,or,0.0,0.0,0.0,0.0,0.0
555609,en_57,7.0,7.0,178.0,bottle,0.0,0.0,0.0,0.0,0.0
555610,en_57,7.0,7.0,179.0,shape.,145.0,145.0,145.0,1.0,1.0
555611,en_57,7.0,8.0,180.0,Blind,0.0,0.0,0.0,0.0,0.0
555612,en_57,7.0,8.0,181.0,tasting,0.0,0.0,0.0,0.0,0.0
555613,en_57,7.0,8.0,182.0,may,192.0,192.0,192.0,1.0,1.0
555614,en_57,7.0,8.0,183.0,also,0.0,0.0,0.0,0.0,0.0
555615,en_57,7.0,8.0,184.0,involve,236.0,236.0,236.0,1.0,1.0
555616,en_57,7.0,8.0,185.0,serving,0.0,0.0,0.0,0.0,0.0
555617,en_57,7.0,8.0,186.0,the,0.0,0.0,0.0,0.0,0.0
555618,en_57,7.0,8.0,187.0,wine,0.0,0.0,0.0,0.0,0.0
555619,en_57,7.0,8.0,188.0,from,0.0,0.0,0.0,0.0,0.0
555620,en_57,7.0,8.0,189.0,a,0.0,0.0,0.0,0.0,0.0
555621,en_57,7.0,8.0,190.0,black,0.0,0.0,0.0,0.0,0.0
555622,en_57,7.0,8.0,191.0,wine,0.0,0.0,0.0,0.0,0.0
555623,en_57,7.0,8.0,192.0,glass,312.0,312.0,312.0,1.0,1.0
555624,en_57,7.0,8.0,193.0,to,0.0,0.0,0.0,0.0,0.0
555625,en_57,7.0,8.0,194.0,mask,294.0,294.0,552.0,1.0,2.0
555626,en_57,7.0,8.0,195.0,the,172.0,172.0,172.0,1.0,1.0
555627,en_57,7.0,8.0,196.0,color,165.0,165.0,405.0,1.0,2.0
555628,en_57,7.0,8.0,197.0,of,0.0,0.0,0.0,0.0,0.0
555629,en_57,7.0,8.0,198.0,the,180.0,180.0,180.0,1.0,1.0
555630,en_57,7.0,8.0,199.0,wine.,260.0,1746.0,4177.0,7.0,18.0
555631,en_57,8.0,1.0,1.0,Orange,195.0,379.0,662.0,2.0,3.0
555632,en_57,8.0,1.0,2.0,juice,192.0,192.0,505.0,1.0,3.0
555633,en_57,8.0,1.0,3.0,is,0.0,0.0,0.0,0.0,0.0
555634,en_57,8.0,1.0,4.0,a,0.0,0.0,0.0,0.0,0.0
555635,en_57,8.0,1.0,5.0,liquid,180.0,180.0,333.0,1.0,3.0
555636,en_57,8.0,1.0,6.0,extract,33.0,230.0,467.0,2.0,4.0
555637,en_57,8.0,1.0,7.0,of,204.0,204.0,204.0,1.0,1.0
555638,en_57,8.0,1.0,8.0,the,187.0,187.0,187.0,1.0,1.0
555639,en_57,8.0,1.0,9.0,orange,178.0,178.0,456.0,1.0,2.0
555640,en_57,8.0,1.0,10.0,tree,350.0,350.0,350.0,1.0,1.0
555641,en_57,8.0,1.0,11.0,"fruit,",0.0,0.0,0.0,0.0,0.0
555642,en_57,8.0,1.0,12.0,produced,197.0,197.0,403.0,1.0,2.0
555643,en_57,8.0,1.0,13.0,by,0.0,0.0,0.0,0.0,0.0
555644,en_57,8.0,1.0,14.0,squeezing,198.0,440.0,440.0,2.0,2.0
555645,en_57,8.0,1.0,15.0,oranges.,256.0,256.0,256.0,1.0,1.0
555646,en_57,8.0,2.0,16.0,Commercial,0.0,0.0,0.0,0.0,0.0
555647,en_57,8.0,2.0,17.0,orange,262.0,262.0,262.0,1.0,1.0
555648,en_57,8.0,2.0,18.0,juice,0.0,0.0,0.0,0.0,0.0
555649,en_57,8.0,2.0,19.0,with,0.0,0.0,0.0,0.0,0.0
555650,en_57,8.0,2.0,20.0,a,167.0,167.0,386.0,1.0,2.0
555651,en_57,8.0,2.0,21.0,long,297.0,297.0,297.0,1.0,1.0
555652,en_57,8.0,2.0,22.0,shelf,216.0,216.0,570.0,1.0,2.0
555653,en_57,8.0,2.0,23.0,life,173.0,173.0,331.0,1.0,2.0
555654,en_57,8.0,2.0,24.0,is,164.0,164.0,164.0,1.0,1.0
555655,en_57,8.0,2.0,25.0,made,173.0,173.0,395.0,1.0,2.0
555656,en_57,8.0,2.0,26.0,by,174.0,174.0,573.0,1.0,3.0
555657,en_57,8.0,2.0,27.0,pasteurizing,254.0,254.0,415.0,1.0,2.0
555658,en_57,8.0,2.0,28.0,the,272.0,272.0,272.0,1.0,1.0
555659,en_57,8.0,2.0,29.0,juice,226.0,658.0,1015.0,3.0,5.0
555660,en_57,8.0,2.0,30.0,and,0.0,0.0,0.0,0.0,0.0
555661,en_57,8.0,2.0,31.0,removing,306.0,306.0,424.0,1.0,2.0
555662,en_57,8.0,2.0,32.0,the,284.0,284.0,284.0,1.0,1.0
555663,en_57,8.0,2.0,33.0,oxygen,156.0,156.0,339.0,1.0,2.0
555664,en_57,8.0,2.0,34.0,from,0.0,0.0,0.0,0.0,0.0
555665,en_57,8.0,2.0,35.0,it.,0.0,0.0,0.0,0.0,0.0
555666,en_57,8.0,3.0,36.0,This,175.0,175.0,175.0,1.0,1.0
555667,en_57,8.0,3.0,37.0,removes,287.0,287.0,461.0,1.0,2.0
555668,en_57,8.0,3.0,38.0,much,410.0,410.0,410.0,1.0,1.0
555669,en_57,8.0,3.0,39.0,of,169.0,169.0,169.0,1.0,1.0
555670,en_57,8.0,3.0,40.0,the,0.0,0.0,0.0,0.0,0.0
555671,en_57,8.0,3.0,41.0,"taste,",0.0,0.0,0.0,0.0,0.0
555672,en_57,8.0,3.0,42.0,necessitating,346.0,346.0,713.0,1.0,2.0
555673,en_57,8.0,3.0,43.0,the,168.0,168.0,168.0,1.0,1.0
555674,en_57,8.0,3.0,44.0,later,213.0,213.0,213.0,1.0,1.0
555675,en_57,8.0,3.0,45.0,addition,205.0,205.0,1168.0,1.0,6.0
555676,en_57,8.0,3.0,46.0,of,248.0,248.0,248.0,1.0,1.0
555677,en_57,8.0,3.0,47.0,a,0.0,0.0,0.0,0.0,0.0
555678,en_57,8.0,3.0,48.0,flavor,199.0,450.0,517.0,2.0,3.0
555679,en_57,8.0,3.0,49.0,"pack,",241.0,241.0,477.0,1.0,2.0
555680,en_57,8.0,3.0,50.0,generally,306.0,884.0,1159.0,3.0,4.0
555681,en_57,8.0,3.0,51.0,made,0.0,0.0,0.0,0.0,0.0
555682,en_57,8.0,3.0,52.0,from,314.0,314.0,535.0,1.0,2.0
555683,en_57,8.0,3.0,53.0,orange,187.0,187.0,840.0,1.0,3.0
555684,en_57,8.0,3.0,54.0,products.,197.0,197.0,197.0,1.0,1.0
555685,en_57,8.0,4.0,55.0,"Additionally,",0.0,0.0,0.0,0.0,0.0
555686,en_57,8.0,4.0,56.0,some,0.0,0.0,0.0,0.0,0.0
555687,en_57,8.0,4.0,57.0,juice,186.0,186.0,186.0,1.0,1.0
555688,en_57,8.0,4.0,58.0,is,152.0,152.0,152.0,1.0,1.0
555689,en_57,8.0,4.0,59.0,further,155.0,155.0,155.0,1.0,1.0
555690,en_57,8.0,4.0,60.0,processed,298.0,298.0,298.0,1.0,1.0
555691,en_57,8.0,4.0,61.0,by,262.0,262.0,262.0,1.0,1.0
555692,en_57,8.0,4.0,62.0,drying,0.0,0.0,0.0,0.0,0.0
555693,en_57,8.0,4.0,63.0,and,328.0,328.0,328.0,1.0,1.0
555694,en_57,8.0,4.0,64.0,later,0.0,0.0,0.0,0.0,0.0
555695,en_57,8.0,4.0,65.0,rehydrating,382.0,810.0,1244.0,3.0,5.0
555696,en_57,8.0,4.0,66.0,the,415.0,415.0,415.0,1.0,1.0
555697,en_57,8.0,4.0,67.0,"juice,",853.0,1202.0,1386.0,2.0,3.0
555698,en_57,8.0,4.0,68.0,or,0.0,0.0,0.0,0.0,0.0
555699,en_57,8.0,4.0,69.0,by,151.0,151.0,151.0,1.0,1.0
555700,en_57,8.0,4.0,70.0,concentrating,240.0,596.0,1097.0,3.0,4.0
555701,en_57,8.0,4.0,71.0,the,263.0,530.0,530.0,2.0,2.0
555702,en_57,8.0,4.0,72.0,juice,258.0,258.0,523.0,1.0,2.0
555703,en_57,8.0,4.0,73.0,and,367.0,367.0,367.0,1.0,1.0
555704,en_57,8.0,4.0,74.0,later,223.0,223.0,223.0,1.0,1.0
555705,en_57,8.0,4.0,75.0,adding,237.0,237.0,237.0,1.0,1.0
555706,en_57,8.0,4.0,76.0,water,131.0,131.0,131.0,1.0,1.0
555707,en_57,8.0,4.0,77.0,to,237.0,237.0,237.0,1.0,1.0
555708,en_57,8.0,4.0,78.0,the,177.0,177.0,177.0,1.0,1.0
555709,en_57,8.0,4.0,79.0,concentrate.,309.0,309.0,309.0,1.0,1.0
555710,en_57,8.0,5.0,80.0,The,124.0,124.0,124.0,1.0,1.0
555711,en_57,8.0,5.0,81.0,health,234.0,234.0,234.0,1.0,1.0
555712,en_57,8.0,5.0,82.0,value,203.0,406.0,406.0,2.0,2.0
555713,en_57,8.0,5.0,83.0,of,0.0,0.0,0.0,0.0,0.0
555714,en_57,8.0,5.0,84.0,orange,251.0,251.0,251.0,1.0,1.0
555715,en_57,8.0,5.0,85.0,juice,436.0,436.0,436.0,1.0,1.0
555716,en_57,8.0,5.0,86.0,is,0.0,0.0,0.0,0.0,0.0
555717,en_57,8.0,5.0,87.0,debatable:,228.0,720.0,720.0,2.0,2.0
555718,en_57,8.0,5.0,88.0,it,245.0,1083.0,1083.0,2.0,2.0
555719,en_57,8.0,5.0,89.0,has,136.0,136.0,136.0,1.0,1.0
555720,en_57,8.0,5.0,90.0,a,514.0,514.0,514.0,1.0,1.0
555721,en_57,8.0,5.0,91.0,high,211.0,389.0,389.0,2.0,2.0
555722,en_57,8.0,5.0,92.0,concentration,321.0,528.0,938.0,2.0,4.0
555723,en_57,8.0,5.0,93.0,of,0.0,0.0,0.0,0.0,0.0
555724,en_57,8.0,5.0,94.0,vitamin,280.0,280.0,280.0,1.0,1.0
555725,en_57,8.0,5.0,95.0,"C,",181.0,181.0,366.0,1.0,2.0
555726,en_57,8.0,5.0,96.0,but,0.0,0.0,0.0,0.0,0.0
555727,en_57,8.0,5.0,97.0,also,169.0,169.0,169.0,1.0,1.0
555728,en_57,8.0,5.0,98.0,a,0.0,0.0,0.0,0.0,0.0
555729,en_57,8.0,5.0,99.0,very,144.0,144.0,144.0,1.0,1.0
555730,en_57,8.0,5.0,100.0,high,0.0,0.0,0.0,0.0,0.0
555731,en_57,8.0,5.0,101.0,concentration,232.0,420.0,420.0,2.0,2.0
555732,en_57,8.0,5.0,102.0,of,0.0,0.0,0.0,0.0,0.0
555733,en_57,8.0,5.0,103.0,simple,273.0,273.0,273.0,1.0,1.0
555734,en_57,8.0,5.0,104.0,"sugars,",274.0,274.0,274.0,1.0,1.0
555735,en_57,8.0,5.0,105.0,comparable,312.0,312.0,536.0,1.0,2.0
555736,en_57,8.0,5.0,106.0,to,0.0,0.0,0.0,0.0,0.0
555737,en_57,8.0,5.0,107.0,soft,0.0,0.0,0.0,0.0,0.0
555738,en_57,8.0,5.0,108.0,drinks.,484.0,484.0,484.0,1.0,1.0
555739,en_57,8.0,6.0,109.0,As,0.0,0.0,0.0,0.0,0.0
555740,en_57,8.0,6.0,110.0,a,145.0,145.0,145.0,1.0,1.0
555741,en_57,8.0,6.0,111.0,"result,",0.0,0.0,0.0,0.0,0.0
555742,en_57,8.0,6.0,112.0,some,0.0,0.0,0.0,0.0,0.0
555743,en_57,8.0,6.0,113.0,government,216.0,216.0,216.0,1.0,1.0
555744,en_57,8.0,6.0,114.0,nutritional,250.0,250.0,250.0,1.0,1.0
555745,en_57,8.0,6.0,115.0,advice,229.0,229.0,229.0,1.0,1.0
555746,en_57,8.0,6.0,116.0,has,0.0,0.0,0.0,0.0,0.0
555747,en_57,8.0,6.0,117.0,been,216.0,216.0,216.0,1.0,1.0
555748,en_57,8.0,6.0,118.0,adjusted,212.0,212.0,212.0,1.0,1.0
555749,en_57,8.0,6.0,119.0,to,0.0,0.0,0.0,0.0,0.0
555750,en_57,8.0,6.0,120.0,encourage,307.0,307.0,307.0,1.0,1.0
555751,en_57,8.0,6.0,121.0,substitution,305.0,305.0,305.0,1.0,1.0
555752,en_57,8.0,6.0,122.0,of,0.0,0.0,0.0,0.0,0.0
555753,en_57,8.0,6.0,123.0,orange,186.0,469.0,469.0,2.0,2.0
555754,en_57,8.0,6.0,124.0,juice,0.0,0.0,0.0,0.0,0.0
555755,en_57,8.0,6.0,125.0,with,0.0,0.0,0.0,0.0,0.0
555756,en_57,8.0,6.0,126.0,raw,380.0,380.0,594.0,1.0,2.0
555757,en_57,8.0,6.0,127.0,"fruit,",176.0,176.0,176.0,1.0,1.0
555758,en_57,8.0,6.0,128.0,which,162.0,162.0,345.0,1.0,2.0
555759,en_57,8.0,6.0,129.0,is,0.0,0.0,0.0,0.0,0.0
555760,en_57,8.0,6.0,130.0,digested,279.0,279.0,523.0,1.0,2.0
555761,en_57,8.0,6.0,131.0,more,157.0,157.0,157.0,1.0,1.0
555762,en_57,8.0,6.0,132.0,"slowly,",249.0,249.0,524.0,1.0,2.0
555763,en_57,8.0,6.0,133.0,and,347.0,347.0,347.0,1.0,1.0
555764,en_57,8.0,6.0,134.0,limit,244.0,244.0,244.0,1.0,1.0
555765,en_57,8.0,6.0,135.0,daily,221.0,377.0,679.0,2.0,3.0
555766,en_57,8.0,6.0,136.0,consumption.,155.0,790.0,2039.0,5.0,9.0
555767,en_57,9.0,1.0,1.0,Beekeeping,167.0,535.0,1521.0,2.0,6.0
555768,en_57,9.0,1.0,2.0,is,229.0,229.0,496.0,1.0,2.0
555769,en_57,9.0,1.0,3.0,the,0.0,0.0,0.0,0.0,0.0
555770,en_57,9.0,1.0,4.0,maintenance,359.0,359.0,854.0,1.0,3.0
555771,en_57,9.0,1.0,5.0,of,0.0,0.0,0.0,0.0,0.0
555772,en_57,9.0,1.0,6.0,bee,253.0,253.0,253.0,1.0,1.0
555773,en_57,9.0,1.0,7.0,colonies,241.0,241.0,241.0,1.0,1.0
555774,en_57,9.0,1.0,8.0,by,0.0,0.0,0.0,0.0,0.0
555775,en_57,9.0,1.0,9.0,"humans,",237.0,237.0,237.0,1.0,1.0
555776,en_57,9.0,1.0,10.0,typically,0.0,0.0,0.0,0.0,0.0
555777,en_57,9.0,1.0,11.0,with,0.0,0.0,0.0,0.0,0.0
555778,en_57,9.0,1.0,12.0,the,0.0,0.0,0.0,0.0,0.0
555779,en_57,9.0,1.0,13.0,use,0.0,0.0,0.0,0.0,0.0
555780,en_57,9.0,1.0,14.0,of,0.0,0.0,0.0,0.0,0.0
555781,en_57,9.0,1.0,15.0,man-,0.0,0.0,0.0,0.0,0.0
555782,en_57,9.0,1.0,16.0,made,0.0,0.0,0.0,0.0,0.0
555783,en_57,9.0,1.0,17.0,hives.,0.0,0.0,0.0,0.0,0.0
555784,en_57,9.0,2.0,18.0,The,0.0,0.0,0.0,0.0,0.0
555785,en_57,9.0,2.0,19.0,species,0.0,0.0,0.0,0.0,0.0
555786,en_57,9.0,2.0,20.0,most,0.0,0.0,0.0,0.0,0.0
555787,en_57,9.0,2.0,21.0,commonly,184.0,184.0,184.0,1.0,1.0
555788,en_57,9.0,2.0,22.0,used,135.0,135.0,462.0,1.0,2.0
555789,en_57,9.0,2.0,23.0,in,213.0,213.0,213.0,1.0,1.0
555790,en_57,9.0,2.0,24.0,bee,0.0,0.0,0.0,0.0,0.0
555791,en_57,9.0,2.0,25.0,colonies,262.0,262.0,262.0,1.0,1.0
555792,en_57,9.0,2.0,26.0,are,185.0,185.0,185.0,1.0,1.0
555793,en_57,9.0,2.0,27.0,honey,76.0,442.0,442.0,2.0,2.0
555794,en_57,9.0,2.0,28.0,bees.,145.0,145.0,489.0,1.0,2.0
555795,en_57,9.0,3.0,29.0,A,0.0,0.0,0.0,0.0,0.0
555796,en_57,9.0,3.0,30.0,beekeeper,259.0,259.0,445.0,1.0,2.0
555797,en_57,9.0,3.0,31.0,maintains,183.0,313.0,313.0,2.0,2.0
555798,en_57,9.0,3.0,32.0,these,311.0,311.0,311.0,1.0,1.0
555799,en_57,9.0,3.0,33.0,colonies,391.0,619.0,900.0,2.0,3.0
555800,en_57,9.0,3.0,34.0,in,195.0,195.0,195.0,1.0,1.0
555801,en_57,9.0,3.0,35.0,order,295.0,295.0,295.0,1.0,1.0
555802,en_57,9.0,3.0,36.0,to,0.0,0.0,0.0,0.0,0.0
555803,en_57,9.0,3.0,37.0,collect,258.0,405.0,405.0,2.0,2.0
555804,en_57,9.0,3.0,38.0,the,0.0,0.0,0.0,0.0,0.0
555805,en_57,9.0,3.0,39.0,honey,291.0,291.0,291.0,1.0,1.0
555806,en_57,9.0,3.0,40.0,and,0.0,0.0,0.0,0.0,0.0
555807,en_57,9.0,3.0,41.0,other,158.0,356.0,356.0,2.0,2.0
555808,en_57,9.0,3.0,42.0,products,0.0,0.0,0.0,0.0,0.0
555809,en_57,9.0,3.0,43.0,that,0.0,0.0,0.0,0.0,0.0
555810,en_57,9.0,3.0,44.0,the,181.0,181.0,181.0,1.0,1.0
555811,en_57,9.0,3.0,45.0,hive,226.0,385.0,385.0,2.0,2.0
555812,en_57,9.0,3.0,46.0,produces,141.0,785.0,1251.0,3.0,5.0
555813,en_57,9.0,3.0,47.0,(such,220.0,220.0,664.0,1.0,3.0
555814,en_57,9.0,3.0,48.0,as,217.0,217.0,217.0,1.0,1.0
555815,en_57,9.0,3.0,49.0,"beeswax),",494.0,494.0,742.0,1.0,2.0
555816,en_57,9.0,3.0,50.0,but,225.0,225.0,225.0,1.0,1.0
555817,en_57,9.0,3.0,51.0,also,0.0,0.0,0.0,0.0,0.0
555818,en_57,9.0,3.0,52.0,to,196.0,196.0,196.0,1.0,1.0
555819,en_57,9.0,3.0,53.0,pollinate,250.0,250.0,250.0,1.0,1.0
555820,en_57,9.0,3.0,54.0,"crops,",270.0,270.0,270.0,1.0,1.0
555821,en_57,9.0,3.0,55.0,or,0.0,0.0,0.0,0.0,0.0
555822,en_57,9.0,3.0,56.0,to,215.0,215.0,215.0,1.0,1.0
555823,en_57,9.0,3.0,57.0,produce,207.0,207.0,207.0,1.0,1.0
555824,en_57,9.0,3.0,58.0,bees,0.0,0.0,0.0,0.0,0.0
555825,en_57,9.0,3.0,59.0,for,0.0,0.0,0.0,0.0,0.0
555826,en_57,9.0,3.0,60.0,sale,288.0,288.0,288.0,1.0,1.0
555827,en_57,9.0,3.0,61.0,to,155.0,155.0,155.0,1.0,1.0
555828,en_57,9.0,3.0,62.0,other,381.0,381.0,381.0,1.0,1.0
555829,en_57,9.0,3.0,63.0,beekeepers.,205.0,395.0,395.0,2.0,2.0
555830,en_57,9.0,4.0,64.0,The,0.0,0.0,0.0,0.0,0.0
555831,en_57,9.0,4.0,65.0,domestication,149.0,607.0,607.0,3.0,3.0
555832,en_57,9.0,4.0,66.0,of,0.0,0.0,0.0,0.0,0.0
555833,en_57,9.0,4.0,67.0,bees,283.0,283.0,283.0,1.0,1.0
555834,en_57,9.0,4.0,68.0,is,133.0,133.0,133.0,1.0,1.0
555835,en_57,9.0,4.0,69.0,depicted,71.0,71.0,71.0,1.0,1.0
555836,en_57,9.0,4.0,70.0,in,223.0,223.0,223.0,1.0,1.0
555837,en_57,9.0,4.0,71.0,Egyptian,186.0,186.0,186.0,1.0,1.0
555838,en_57,9.0,4.0,72.0,art,251.0,251.0,251.0,1.0,1.0
555839,en_57,9.0,4.0,73.0,from,148.0,148.0,148.0,1.0,1.0
555840,en_57,9.0,4.0,74.0,over,0.0,0.0,0.0,0.0,0.0
555841,en_57,9.0,4.0,75.0,four,174.0,418.0,418.0,2.0,2.0
555842,en_57,9.0,4.0,76.0,thousand,279.0,429.0,429.0,2.0,2.0
555843,en_57,9.0,4.0,77.0,years,0.0,0.0,0.0,0.0,0.0
555844,en_57,9.0,4.0,78.0,ago.,0.0,0.0,0.0,0.0,0.0
555845,en_57,9.0,5.0,79.0,Back,345.0,345.0,345.0,1.0,1.0
555846,en_57,9.0,5.0,80.0,"then,",145.0,145.0,145.0,1.0,1.0
555847,en_57,9.0,5.0,81.0,simple,336.0,336.0,486.0,1.0,2.0
555848,en_57,9.0,5.0,82.0,hives,198.0,198.0,426.0,1.0,2.0
555849,en_57,9.0,5.0,83.0,and,367.0,367.0,367.0,1.0,1.0
555850,en_57,9.0,5.0,84.0,smoke,252.0,252.0,252.0,1.0,1.0
555851,en_57,9.0,5.0,85.0,were,198.0,198.0,198.0,1.0,1.0
555852,en_57,9.0,5.0,86.0,used,162.0,162.0,431.0,1.0,2.0
555853,en_57,9.0,5.0,87.0,for,52.0,52.0,52.0,1.0,1.0
555854,en_57,9.0,5.0,88.0,"beekeeping,",341.0,341.0,1014.0,1.0,4.0
555855,en_57,9.0,5.0,89.0,and,248.0,248.0,248.0,1.0,1.0
555856,en_57,9.0,5.0,90.0,honey,216.0,216.0,216.0,1.0,1.0
555857,en_57,9.0,5.0,91.0,was,235.0,494.0,1160.0,2.0,5.0
555858,en_57,9.0,5.0,92.0,stored,197.0,197.0,684.0,1.0,3.0
555859,en_57,9.0,5.0,93.0,in,231.0,231.0,231.0,1.0,1.0
555860,en_57,9.0,5.0,94.0,jars,176.0,176.0,176.0,1.0,1.0
555861,en_57,9.0,5.0,95.0,â€“,0.0,0.0,0.0,0.0,0.0
555862,en_57,9.0,5.0,96.0,some,202.0,202.0,368.0,1.0,2.0
555863,en_57,9.0,5.0,97.0,of,0.0,0.0,0.0,0.0,0.0
555864,en_57,9.0,5.0,98.0,which,294.0,294.0,294.0,1.0,1.0
555865,en_57,9.0,5.0,99.0,were,0.0,0.0,0.0,0.0,0.0
555866,en_57,9.0,5.0,100.0,found,0.0,0.0,0.0,0.0,0.0
555867,en_57,9.0,5.0,101.0,in,229.0,229.0,229.0,1.0,1.0
555868,en_57,9.0,5.0,102.0,the,0.0,0.0,0.0,0.0,0.0
555869,en_57,9.0,5.0,103.0,tombs,117.0,363.0,363.0,2.0,2.0
555870,en_57,9.0,5.0,104.0,of,0.0,0.0,0.0,0.0,0.0
555871,en_57,9.0,5.0,105.0,pharaohs.,287.0,287.0,287.0,1.0,1.0
555872,en_57,9.0,6.0,106.0,This,0.0,0.0,0.0,0.0,0.0
555873,en_57,9.0,6.0,107.0,process,217.0,217.0,217.0,1.0,1.0
555874,en_57,9.0,6.0,108.0,was,184.0,184.0,184.0,1.0,1.0
555875,en_57,9.0,6.0,109.0,largely,194.0,194.0,194.0,1.0,1.0
555876,en_57,9.0,6.0,110.0,unchanged,254.0,254.0,254.0,1.0,1.0
555877,en_57,9.0,6.0,111.0,until,0.0,0.0,0.0,0.0,0.0
555878,en_57,9.0,6.0,112.0,the,281.0,281.0,281.0,1.0,1.0
555879,en_57,9.0,6.0,113.0,eighteenth,217.0,217.0,697.0,1.0,2.0
555880,en_57,9.0,6.0,114.0,"century,",232.0,435.0,435.0,2.0,2.0
555881,en_57,9.0,6.0,115.0,when,0.0,0.0,0.0,0.0,0.0
555882,en_57,9.0,6.0,116.0,an,526.0,526.0,526.0,1.0,1.0
555883,en_57,9.0,6.0,117.0,improved,172.0,172.0,172.0,1.0,1.0
555884,en_57,9.0,6.0,118.0,understanding,305.0,305.0,542.0,1.0,2.0
555885,en_57,9.0,6.0,119.0,of,135.0,135.0,135.0,1.0,1.0
555886,en_57,9.0,6.0,120.0,the,177.0,177.0,464.0,1.0,3.0
555887,en_57,9.0,6.0,121.0,biology,0.0,0.0,0.0,0.0,0.0
555888,en_57,9.0,6.0,122.0,of,155.0,155.0,155.0,1.0,1.0
555889,en_57,9.0,6.0,123.0,bees,196.0,196.0,196.0,1.0,1.0
555890,en_57,9.0,6.0,124.0,led,133.0,133.0,133.0,1.0,1.0
555891,en_57,9.0,6.0,125.0,to,0.0,0.0,0.0,0.0,0.0
555892,en_57,9.0,6.0,126.0,the,222.0,222.0,222.0,1.0,1.0
555893,en_57,9.0,6.0,127.0,invention,261.0,261.0,261.0,1.0,1.0
555894,en_57,9.0,6.0,128.0,of,0.0,0.0,0.0,0.0,0.0
555895,en_57,9.0,6.0,129.0,the,255.0,255.0,255.0,1.0,1.0
555896,en_57,9.0,6.0,130.0,moveable,107.0,318.0,318.0,2.0,2.0
555897,en_57,9.0,6.0,131.0,comb,193.0,193.0,193.0,1.0,1.0
555898,en_57,9.0,6.0,132.0,hive,316.0,316.0,316.0,1.0,1.0
555899,en_57,9.0,6.0,133.0,in,250.0,250.0,250.0,1.0,1.0
555900,en_57,9.0,6.0,134.0,"Europe,",176.0,335.0,402.0,2.0,3.0
555901,en_57,9.0,6.0,135.0,allowing,0.0,0.0,0.0,0.0,0.0
555902,en_57,9.0,6.0,136.0,honey,301.0,301.0,301.0,1.0,1.0
555903,en_57,9.0,6.0,137.0,to,0.0,0.0,0.0,0.0,0.0
555904,en_57,9.0,6.0,138.0,be,0.0,0.0,0.0,0.0,0.0
555905,en_57,9.0,6.0,139.0,harvested,374.0,374.0,1268.0,1.0,4.0
555906,en_57,9.0,6.0,140.0,without,222.0,222.0,850.0,1.0,3.0
555907,en_57,9.0,6.0,141.0,destroying,178.0,178.0,465.0,1.0,2.0
555908,en_57,9.0,6.0,142.0,the,0.0,0.0,0.0,0.0,0.0
555909,en_57,9.0,6.0,143.0,entire,195.0,195.0,195.0,1.0,1.0
555910,en_57,9.0,6.0,144.0,colony.,245.0,245.0,245.0,1.0,1.0
555911,en_57,9.0,7.0,145.0,"Today,",0.0,0.0,0.0,0.0,0.0
555912,en_57,9.0,7.0,146.0,some,287.0,287.0,287.0,1.0,1.0
555913,en_57,9.0,7.0,147.0,beekeepers,228.0,415.0,415.0,2.0,2.0
555914,en_57,9.0,7.0,148.0,believe,0.0,0.0,0.0,0.0,0.0
555915,en_57,9.0,7.0,149.0,that,0.0,0.0,0.0,0.0,0.0
555916,en_57,9.0,7.0,150.0,the,0.0,0.0,0.0,0.0,0.0
555917,en_57,9.0,7.0,151.0,more,310.0,310.0,310.0,1.0,1.0
555918,en_57,9.0,7.0,152.0,stings,131.0,131.0,483.0,1.0,3.0
555919,en_57,9.0,7.0,153.0,a,0.0,0.0,0.0,0.0,0.0
555920,en_57,9.0,7.0,154.0,beekeeper,0.0,0.0,0.0,0.0,0.0
555921,en_57,9.0,7.0,155.0,"receives,",0.0,0.0,0.0,0.0,0.0
555922,en_57,9.0,7.0,156.0,the,0.0,0.0,0.0,0.0,0.0
555923,en_57,9.0,7.0,157.0,less,0.0,0.0,0.0,0.0,0.0
555924,en_57,9.0,7.0,158.0,irritation,212.0,212.0,212.0,1.0,1.0
555925,en_57,9.0,7.0,159.0,each,152.0,152.0,152.0,1.0,1.0
555926,en_57,9.0,7.0,160.0,one,0.0,0.0,0.0,0.0,0.0
555927,en_57,9.0,7.0,161.0,"causes,",159.0,393.0,393.0,2.0,2.0
555928,en_57,9.0,7.0,162.0,and,0.0,0.0,0.0,0.0,0.0
555929,en_57,9.0,7.0,163.0,it,201.0,201.0,201.0,1.0,1.0
555930,en_57,9.0,7.0,164.0,is,0.0,0.0,0.0,0.0,0.0
555931,en_57,9.0,7.0,165.0,considered,0.0,0.0,0.0,0.0,0.0
555932,en_57,9.0,7.0,166.0,important,837.0,837.0,837.0,1.0,1.0
555933,en_57,9.0,7.0,167.0,for,0.0,0.0,0.0,0.0,0.0
555934,en_57,9.0,7.0,168.0,the,0.0,0.0,0.0,0.0,0.0
555935,en_57,9.0,7.0,169.0,safety,270.0,270.0,270.0,1.0,1.0
555936,en_57,9.0,7.0,170.0,of,285.0,285.0,285.0,1.0,1.0
555937,en_57,9.0,7.0,171.0,the,0.0,0.0,0.0,0.0,0.0
555938,en_57,9.0,7.0,172.0,beekeeper,176.0,416.0,416.0,2.0,2.0
555939,en_57,9.0,7.0,173.0,to,0.0,0.0,0.0,0.0,0.0
555940,en_57,9.0,7.0,174.0,be,0.0,0.0,0.0,0.0,0.0
555941,en_57,9.0,7.0,175.0,stung,294.0,294.0,596.0,1.0,2.0
555942,en_57,9.0,7.0,176.0,a,0.0,0.0,0.0,0.0,0.0
555943,en_57,9.0,7.0,177.0,few,276.0,276.0,726.0,1.0,2.0
555944,en_57,9.0,7.0,178.0,times,0.0,0.0,0.0,0.0,0.0
555945,en_57,9.0,7.0,179.0,a,0.0,0.0,0.0,0.0,0.0
555946,en_57,9.0,7.0,180.0,season.,0.0,0.0,0.0,0.0,0.0
555947,en_57,9.0,8.0,181.0,"Indeed,",0.0,0.0,0.0,0.0,0.0
555948,en_57,9.0,8.0,182.0,recent,206.0,206.0,437.0,1.0,2.0
555949,en_57,9.0,8.0,183.0,studies,229.0,229.0,229.0,1.0,1.0
555950,en_57,9.0,8.0,184.0,found,171.0,171.0,171.0,1.0,1.0
555951,en_57,9.0,8.0,185.0,that,243.0,243.0,460.0,1.0,2.0
555952,en_57,9.0,8.0,186.0,beekeepers,205.0,205.0,205.0,1.0,1.0
555953,en_57,9.0,8.0,187.0,have,214.0,214.0,214.0,1.0,1.0
555954,en_57,9.0,8.0,188.0,high,0.0,0.0,0.0,0.0,0.0
555955,en_57,9.0,8.0,189.0,levels,187.0,187.0,187.0,1.0,1.0
555956,en_57,9.0,8.0,190.0,of,167.0,167.0,167.0,1.0,1.0
555957,en_57,9.0,8.0,191.0,antibodies,288.0,288.0,288.0,1.0,1.0
555958,en_57,9.0,8.0,192.0,that,174.0,174.0,174.0,1.0,1.0
555959,en_57,9.0,8.0,193.0,react,146.0,146.0,146.0,1.0,1.0
555960,en_57,9.0,8.0,194.0,to,244.0,244.0,244.0,1.0,1.0
555961,en_57,9.0,8.0,195.0,the,218.0,218.0,474.0,1.0,2.0
555962,en_57,9.0,8.0,196.0,major,0.0,0.0,0.0,0.0,0.0
555963,en_57,9.0,8.0,197.0,antigen,215.0,215.0,640.0,1.0,3.0
555964,en_57,9.0,8.0,198.0,of,0.0,0.0,0.0,0.0,0.0
555965,en_57,9.0,8.0,199.0,bee,204.0,366.0,541.0,2.0,3.0
555966,en_57,9.0,8.0,200.0,venom.,320.0,320.0,4341.0,1.0,21.0
